Entry number,Entry ID,Source,Street field,Authoritative locality field(s),Lookup street,Lookup locality,Lookup key,Duplicate lookup reused,Review category,Status,Hydrants pill,Query attempted,Matched official address,Method used,Score,Latitude,Longitude,Manual override,Notes / unresolved reason,Fallback address when grey
1,BLACKWOOD MAIN-1,BLACKWOOD MAIN,ACACIA ROAD,HAWTHORNDENE,ACACIA ROAD,HAWTHORNDENE,ACACIA ROAD|HAWTHORNDENE,No,Ambiguous,Ambiguous,Grey fallback,"1 ACACIA ROAD, HAWTHORNDENE SA | 2 ACACIA ROAD, HAWTHORNDENE SA | ACACIA ROAD, HAWTHORNDENE SA",,,,,,No,street-only: 10 distinct exact candidates,"16A GORSE AVENUE, HAWTHORNDENE, SOUTH AUSTRALIA, 5051"
4,CORO EAST & CHERRY-1,CORO EAST & CHERRY,ACKLAND HILL ROAD,COROMANDEL VALLEY · CHERRY GARDENS · IRON BANK · CORO EAST,,,,No,Ambiguous,Ambiguous authoritative locality fields,Grey fallback,,,,,,,No,Multiple authoritative locality values are stored for this Directions entry; no locality was guessed.,"16A GORSE AVENUE, HAWTHORNDENE, SOUTH AUSTRALIA, 5051"
6,BLACKWOOD MAIN-4,BLACKWOOD MAIN,ACORN ROAD,HAWTHORNDENE,ACORN ROAD,HAWTHORNDENE,ACORN ROAD|HAWTHORNDENE,No,Ambiguous,Ambiguous,Grey fallback,"1 ACORN ROAD, HAWTHORNDENE SA | 2 ACORN ROAD, HAWTHORNDENE SA | ACORN ROAD, HAWTHORNDENE SA",,,,,,No,street-only: 2 distinct exact candidates,"16A GORSE AVENUE, HAWTHORNDENE, SOUTH AUSTRALIA, 5051"
15,BLACKWOOD MAIN-12,BLACKWOOD MAIN,ALISON AVENUE,BLACKWOOD,ALISON AVENUE,BLACKWOOD,ALISON AVENUE|BLACKWOOD,No,Ambiguous,Ambiguous,Grey fallback,"1 ALISON AVENUE, BLACKWOOD SA | 2 ALISON AVENUE, BLACKWOOD SA | ALISON AVENUE, BLACKWOOD SA",,,,,,No,street-only: 10 distinct exact candidates,"16A GORSE AVENUE, HAWTHORNDENE, SOUTH AUSTRALIA, 5051"
24,CORO STREETS-4,CORO STREETS,ANNETTE WAY,COROMANDEL VALLEY,ANNETTE WAY,COROMANDEL VALLEY,ANNETTE WAY|COROMANDEL VALLEY,No,Ambiguous,Ambiguous,Grey fallback,"1 ANNETTE WAY, COROMANDEL VALLEY SA | 2 ANNETTE WAY, COROMANDEL VALLEY SA | ANNETTE WAY, COROMANDEL VALLEY SA",,,,,,No,street-only: 10 distinct exact candidates,"16A GORSE AVENUE, HAWTHORNDENE, SOUTH AUSTRALIA, 5051"
35,BLACKWOOD MAIN-24,BLACKWOOD MAIN,ASH AVENUE,BELAIR,ASH AVENUE,BELAIR,ASH AVENUE|BELAIR,No,Ambiguous,Ambiguous,Grey fallback,"1 ASH AVENUE, BELAIR SA | 2 ASH AVENUE, BELAIR SA | ASH AVENUE, BELAIR SA",,,,,,No,street-only: 10 distinct exact candidates,"16A GORSE AVENUE, HAWTHORNDENE, SOUTH AUSTRALIA, 5051"
44,BLACKWOOD MAIN-31,BLACKWOOD MAIN,BABBAGE STREET,BELAIR,BABBAGE STREET,BELAIR,BABBAGE STREET|BELAIR,No,Ambiguous,Ambiguous,Grey fallback,"1 BABBAGE STREET, BELAIR SA | 2 BABBAGE STREET, BELAIR SA | BABBAGE STREET, BELAIR SA",,,,,,No,street-only: 6 distinct exact candidates,"16A GORSE AVENUE, HAWTHORNDENE, SOUTH AUSTRALIA, 5051"
45,BLACKWOOD MAIN-32,BLACKWOOD MAIN,BAECKEA PLACE,EDEN HILLS,BAECKEA PLACE,EDEN HILLS,BAECKEA PLACE|EDEN HILLS,No,Ambiguous,Ambiguous,Grey fallback,"1 BAECKEA PLACE, EDEN HILLS SA | 2 BAECKEA PLACE, EDEN HILLS SA | BAECKEA PLACE, EDEN HILLS SA",,,,,,No,street-only: 6 distinct exact candidates,"16A GORSE AVENUE, HAWTHORNDENE, SOUTH AUSTRALIA, 5051"
59,BLACKWOOD MAIN-43,BLACKWOOD MAIN,BEALE AVENUE,GLENALTA,BEALE AVENUE,GLENALTA,BEALE AVENUE|GLENALTA,No,Ambiguous,Ambiguous,Grey fallback,"1 BEALE AVENUE, GLENALTA SA | 2 BEALE AVENUE, GLENALTA SA | BEALE AVENUE, GLENALTA SA",,,,,,No,street-only: 9 distinct exact candidates,"16A GORSE AVENUE, HAWTHORNDENE, SOUTH AUSTRALIA, 5051"
60,BLACKWOOD MAIN-44,BLACKWOOD MAIN,BELAIR ROAD,BELAIR · LYNTON,,,,No,Ambiguous,Ambiguous authoritative locality fields,Grey fallback,,,,,,,No,Multiple authoritative locality values are stored for this Directions entry; no locality was guessed.,"16A GORSE AVENUE, HAWTHORNDENE, SOUTH AUSTRALIA, 5051"
61,BLACKWOOD MAIN-45,BLACKWOOD MAIN,BELLEVUE DRIVE,BELLEVUE HEIGHTS,BELLEVUE DRIVE,BELLEVUE HEIGHTS,BELLEVUE DRIVE|BELLEVUE HEIGHTS,No,Ambiguous,Ambiguous,Grey fallback,"1 BELLEVUE DRIVE, BELLEVUE HEIGHTS SA | 2 BELLEVUE DRIVE, BELLEVUE HEIGHTS SA | BELLEVUE DRIVE, BELLEVUE HEIGHTS SA",,,,,,No,street-only: 10 distinct exact candidates,"16A GORSE AVENUE, HAWTHORNDENE, SOUTH AUSTRALIA, 5051"
62,CORO EAST & CHERRY-3,CORO EAST & CHERRY,BEN LOMAN ROAD,COROMANDEL EAST,BEN LOMAN ROAD,COROMANDEL EAST,BEN LOMAN ROAD|COROMANDEL EAST,No,Ambiguous,Ambiguous,Grey fallback,"1 BEN LOMAN ROAD, COROMANDEL EAST SA | 2 BEN LOMAN ROAD, COROMANDEL EAST SA | BEN LOMAN ROAD, COROMANDEL EAST SA",,,,,,No,street-only: 7 distinct exact candidates,"16A GORSE AVENUE, HAWTHORNDENE, SOUTH AUSTRALIA, 5051"
66,BLACKWOOD MAIN-48,BLACKWOOD MAIN,BERMUDA WAY,GLENALTA,BERMUDA WAY,GLENALTA,BERMUDA WAY|GLENALTA,No,Ambiguous,Ambiguous,Grey fallback,"1 BERMUDA WAY, GLENALTA SA | 2 BERMUDA WAY, GLENALTA SA | BERMUDA WAY, GLENALTA SA",,,,,,No,street-only: 10 distinct exact candidates,"16A GORSE AVENUE, HAWTHORNDENE, SOUTH AUSTRALIA, 5051"
71,CORO STREETS-12,CORO STREETS,BLACK ROAD,ABERFOYLE PARK · FLAGSTAFF HILL,,,,No,Ambiguous,Ambiguous authoritative locality fields,Grey fallback,,,,,,,No,Multiple authoritative locality values are stored for this Directions entry; no locality was guessed.,"16A GORSE AVENUE, HAWTHORNDENE, SOUTH AUSTRALIA, 5051"
75,BLACKWOOD MAIN-54,BLACKWOOD MAIN,BLYTHEWOOD ROAD,MITCHAM,BLYTHEWOOD ROAD,MITCHAM,BLYTHEWOOD ROAD|MITCHAM,No,Ambiguous,Ambiguous,Grey fallback,"1 BLYTHEWOOD ROAD, MITCHAM SA | 2 BLYTHEWOOD ROAD, MITCHAM SA | BLYTHEWOOD ROAD, MITCHAM SA",,,,,,No,street-only: 10 distinct exact candidates,"16A GORSE AVENUE, HAWTHORNDENE, SOUTH AUSTRALIA, 5051"
76,CORO EAST & CHERRY-4,CORO EAST & CHERRY,BOKO ROAD,CHERRY GARDENS,BOKO ROAD,CHERRY GARDENS,BOKO ROAD|CHERRY GARDENS,No,Ambiguous,Ambiguous,Grey fallback,"1 BOKO ROAD, CHERRY GARDENS SA | 2 BOKO ROAD, CHERRY GARDENS SA | BOKO ROAD, CHERRY GARDENS SA",,,,,,No,street-only: 3 distinct exact candidates,"16A GORSE AVENUE, HAWTHORNDENE, SOUTH AUSTRALIA, 5051"
79,BLACKWOOD PARK-7,BLACKWOOD PARK,BONYTHON WAY,CRAIGBURN FARM,BONYTHON WAY,CRAIGBURN FARM,BONYTHON WAY|CRAIGBURN FARM,No,Ambiguous,Ambiguous,Grey fallback,"1 BONYTHON WAY, CRAIGBURN FARM SA | 2 BONYTHON WAY, CRAIGBURN FARM SA | BONYTHON WAY, CRAIGBURN FARM SA",,,,,,No,street-only: 10 distinct exact candidates,"16A GORSE AVENUE, HAWTHORNDENE, SOUTH AUSTRALIA, 5051"
87,CORO EAST & CHERRY-5,CORO EAST & CHERRY,BRANDWOOD DRIVE,CHERRY GARDENS,BRANDWOOD DRIVE,CHERRY GARDENS,BRANDWOOD DRIVE|CHERRY GARDENS,No,Ambiguous,Ambiguous,Grey fallback,"1 BRANDWOOD DRIVE, CHERRY GARDENS SA | 2 BRANDWOOD DRIVE, CHERRY GARDENS SA | BRANDWOOD DRIVE, CHERRY GARDENS SA",,,,,,No,street-only: 10 distinct exact candidates,"16A GORSE AVENUE, HAWTHORNDENE, SOUTH AUSTRALIA, 5051"
96,BLACKWOOD MAIN-67,BLACKWOOD MAIN,BROWNHILL CREEK ROAD,BROWNHILL CREEK · MITCHAM,,,,No,Ambiguous,Ambiguous authoritative locality fields,Grey fallback,,,,,,,No,Multiple authoritative locality values are stored for this Directions entry; no locality was guessed.,"16A GORSE AVENUE, HAWTHORNDENE, SOUTH AUSTRALIA, 5051"
97,CORO EAST & CHERRY-6,CORO EAST & CHERRY,BRUMBY STREET,CHERRY GARDENS,BRUMBY STREET,CHERRY GARDENS,BRUMBY STREET|CHERRY GARDENS,No,Ambiguous,Ambiguous,Grey fallback,"1 BRUMBY STREET, CHERRY GARDENS SA | 2 BRUMBY STREET, CHERRY GARDENS SA | BRUMBY STREET, CHERRY GARDENS SA",,,,,,No,street-only: 10 distinct exact candidates,"16A GORSE AVENUE, HAWTHORNDENE, SOUTH AUSTRALIA, 5051"
112,BLACKWOOD MAIN-79,BLACKWOOD MAIN,CEZANNE COURT,BELAIR · TORRENS PARK,,,,No,Ambiguous,Ambiguous authoritative locality fields,Grey fallback,,,,,,,No,Multiple authoritative locality values are stored for this Directions entry; no locality was guessed.,"16A GORSE AVENUE, HAWTHORNDENE, SOUTH AUSTRALIA, 5051"
115,BLACKWOOD MAIN-81,BLACKWOOD MAIN,CHAPMAN STREET,BLACKWOOD,CHAPMAN STREET,BLACKWOOD,CHAPMAN STREET|BLACKWOOD,No,Ambiguous,Ambiguous,Grey fallback,"1 CHAPMAN STREET, BLACKWOOD SA | 2 CHAPMAN STREET, BLACKWOOD SA | CHAPMAN STREET, BLACKWOOD SA",,,,,,No,No. 1: 6 distinct exact candidates; street-only: 10 distinct exact candidates,"16A GORSE AVENUE, HAWTHORNDENE, SOUTH AUSTRALIA, 5051"
119,CORO EAST & CHERRY-7,CORO EAST & CHERRY,CHERRY GARDENS ROAD,CHERRY GARDENS,CHERRY GARDENS ROAD,CHERRY GARDENS,CHERRY GARDENS ROAD|CHERRY GARDENS,No,Ambiguous,Ambiguous,Grey fallback,"1 CHERRY GARDENS ROAD, CHERRY GARDENS SA | 2 CHERRY GARDENS ROAD, CHERRY GARDENS SA | CHERRY GARDENS ROAD, CHERRY GARDENS SA",,,,,,No,street-only: 10 distinct exact candidates,"16A GORSE AVENUE, HAWTHORNDENE, SOUTH AUSTRALIA, 5051"
122,BLACKWOOD MAIN-86,BLACKWOOD MAIN,CHOWILLA STREET,EDEN HILLS,CHOWILLA STREET,EDEN HILLS,CHOWILLA STREET|EDEN HILLS,No,Ambiguous,Ambiguous,Grey fallback,"1 CHOWILLA STREET, EDEN HILLS SA | 2 CHOWILLA STREET, EDEN HILLS SA | CHOWILLA STREET, EDEN HILLS SA",,,,,,No,street-only: 10 distinct exact candidates,"16A GORSE AVENUE, HAWTHORNDENE, SOUTH AUSTRALIA, 5051"
123,BLACKWOOD MAIN-87,BLACKWOOD MAIN,CHRISTINE AVENUE,BELAIR,CHRISTINE AVENUE,BELAIR,CHRISTINE AVENUE|BELAIR,No,Ambiguous,Ambiguous,Grey fallback,"1 CHRISTINE AVENUE, BELAIR SA | 2 CHRISTINE AVENUE, BELAIR SA | CHRISTINE AVENUE, BELAIR SA",,,,,,No,street-only: 10 distinct exact candidates,"16A GORSE AVENUE, HAWTHORNDENE, SOUTH AUSTRALIA, 5051"
126,BLACKWOOD MAIN-90,BLACKWOOD MAIN,CLEMATIS DRIVE,BLACKWOOD,CLEMATIS DRIVE,BLACKWOOD,CLEMATIS DRIVE|BLACKWOOD,No,Ambiguous,Ambiguous,Grey fallback,"1 CLEMATIS DRIVE, BLACKWOOD SA | 2 CLEMATIS DRIVE, BLACKWOOD SA | CLEMATIS DRIVE, BLACKWOOD SA",,,,,,No,street-only: 10 distinct exact candidates,"16A GORSE AVENUE, HAWTHORNDENE, SOUTH AUSTRALIA, 5051"
129,BLACKWOOD MAIN-92,BLACKWOOD MAIN,COLEBROOK DRIVE,EDEN HILLS,COLEBROOK DRIVE,EDEN HILLS,COLEBROOK DRIVE|EDEN HILLS,No,Ambiguous,Ambiguous,Grey fallback,"1 COLEBROOK DRIVE, EDEN HILLS SA | 2 COLEBROOK DRIVE, EDEN HILLS SA | COLEBROOK DRIVE, EDEN HILLS SA",,,,,,No,street-only: 2 distinct exact candidates,"16A GORSE AVENUE, HAWTHORNDENE, SOUTH AUSTRALIA, 5051"
132,BLACKWOOD MAIN-95,BLACKWOOD MAIN,COLTON ROAD,BLACKWOOD,COLTON ROAD,BLACKWOOD,COLTON ROAD|BLACKWOOD,No,Ambiguous,Ambiguous,Grey fallback,"1 COLTON ROAD, BLACKWOOD SA | 2 COLTON ROAD, BLACKWOOD SA | COLTON ROAD, BLACKWOOD SA",,,,,,No,No. 1: 7 distinct exact candidates; No. 2: 6 distinct exact candidates; street-only: 10 distinct exact candidates,"16A GORSE AVENUE, HAWTHORNDENE, SOUTH AUSTRALIA, 5051"
133,BLACKWOOD MAIN-96,BLACKWOOD MAIN,COOPER STREET,EDEN HILLS,COOPER STREET,EDEN HILLS,COOPER STREET|EDEN HILLS,No,Ambiguous,Ambiguous,Grey fallback,"1 COOPER STREET, EDEN HILLS SA | 2 COOPER STREET, EDEN HILLS SA | COOPER STREET, EDEN HILLS SA",,,,,,No,street-only: 5 distinct exact candidates,"16A GORSE AVENUE, HAWTHORNDENE, SOUTH AUSTRALIA, 5051"
137,BLACKWOOD MAIN-99,BLACKWOOD MAIN,COROMANDEL PARADE,BLACKWOOD · COROMANDEL VALLEY,,,,No,Ambiguous,Ambiguous authoritative locality fields,Grey fallback,,,,,,,No,Multiple authoritative locality values are stored for this Directions entry; no locality was guessed.,"16A GORSE AVENUE, HAWTHORNDENE, SOUTH AUSTRALIA, 5051"
138,CORO STREETS-20,CORO STREETS,COROMANDEL PARADE,BLACKWOOD · COROMANDEL VALLEY,,,,No,Ambiguous,Ambiguous authoritative locality fields,Grey fallback,,,,,,,No,Multiple authoritative locality values are stored for this Directions entry; no locality was guessed.,"16A GORSE AVENUE, HAWTHORNDENE, SOUTH AUSTRALIA, 5051"
139,BLACKWOOD PARK-13,BLACKWOOD PARK,COROMANDEL PARADE,CRAIGBURN FARM,COROMANDEL PARADE,CRAIGBURN FARM,COROMANDEL PARADE|CRAIGBURN FARM,No,Ambiguous,Ambiguous,Grey fallback,"1 COROMANDEL PARADE, CRAIGBURN FARM SA | 2 COROMANDEL PARADE, CRAIGBURN FARM SA | COROMANDEL PARADE, CRAIGBURN FARM SA",,,,,,No,street-only: 10 distinct exact candidates,"16A GORSE AVENUE, HAWTHORNDENE, SOUTH AUSTRALIA, 5051"
144,BLACKWOOD PARK-15,BLACKWOOD PARK,CRAIGBURN ROAD,CRAIGBURN FARM,CRAIGBURN ROAD,CRAIGBURN FARM,CRAIGBURN ROAD|CRAIGBURN FARM,No,Ambiguous,Ambiguous,Grey fallback,"1 CRAIGBURN ROAD, CRAIGBURN FARM SA | 2 CRAIGBURN ROAD, CRAIGBURN FARM SA | CRAIGBURN ROAD, CRAIGBURN FARM SA",,,,,,No,street-only: 10 distinct exact candidates,"16A GORSE AVENUE, HAWTHORNDENE, SOUTH AUSTRALIA, 5051"
156,BLACKWOOD MAIN-107,BLACKWOOD MAIN,CUMMING STREET,BLACKWOOD,CUMMING STREET,BLACKWOOD,CUMMING STREET|BLACKWOOD,No,Ambiguous,Ambiguous,Grey fallback,"1 CUMMING STREET, BLACKWOOD SA | 2 CUMMING STREET, BLACKWOOD SA | CUMMING STREET, BLACKWOOD SA",,,,,,No,street-only: 10 distinct exact candidates,"16A GORSE AVENUE, HAWTHORNDENE, SOUTH AUSTRALIA, 5051"
158,BLACKWOOD MAIN-108,BLACKWOOD MAIN,CUNARD DRIVE,HAWTHORNDENE,CUNARD DRIVE,HAWTHORNDENE,CUNARD DRIVE|HAWTHORNDENE,No,Ambiguous,Ambiguous,Grey fallback,"1 CUNARD DRIVE, HAWTHORNDENE SA | 2 CUNARD DRIVE, HAWTHORNDENE SA | CUNARD DRIVE, HAWTHORNDENE SA",,,,,,No,street-only: 10 distinct exact candidates,"16A GORSE AVENUE, HAWTHORNDENE, SOUTH AUSTRALIA, 5051"
159,BLACKWOOD MAIN-109,BLACKWOOD MAIN,CURRAWONG AVENUE,GLENALTA,CURRAWONG AVENUE,GLENALTA,CURRAWONG AVENUE|GLENALTA,No,Ambiguous,Ambiguous,Grey fallback,"1 CURRAWONG AVENUE, GLENALTA SA | 2 CURRAWONG AVENUE, GLENALTA SA | CURRAWONG AVENUE, GLENALTA SA",,,,,,No,street-only: 10 distinct exact candidates,"16A GORSE AVENUE, HAWTHORNDENE, SOUTH AUSTRALIA, 5051"
179,BLACKWOOD MAIN-122,BLACKWOOD MAIN,DORHAM ROAD,BLACKWOOD,DORHAM ROAD,BLACKWOOD,DORHAM ROAD|BLACKWOOD,No,Ambiguous,Ambiguous,Grey fallback,"1 DORHAM ROAD, BLACKWOOD SA | 2 DORHAM ROAD, BLACKWOOD SA | DORHAM ROAD, BLACKWOOD SA",,,,,,No,street-only: 8 distinct exact candidates,"16A GORSE AVENUE, HAWTHORNDENE, SOUTH AUSTRALIA, 5051"
180,BLACKWOOD PARK-20,BLACKWOOD PARK,DOROTHY LANE,CRAIGBURN FARM,DOROTHY LANE,CRAIGBURN FARM,DOROTHY LANE|CRAIGBURN FARM,No,Ambiguous,Ambiguous,Grey fallback,"1 DOROTHY LANE, CRAIGBURN FARM SA | 2 DOROTHY LANE, CRAIGBURN FARM SA | DOROTHY LANE, CRAIGBURN FARM SA",,,,,,No,street-only: 10 distinct exact candidates,"16A GORSE AVENUE, HAWTHORNDENE, SOUTH AUSTRALIA, 5051"
181,CORO EAST & CHERRY-8,CORO EAST & CHERRY,DORSET VALE ROAD,CHERRY GARDENS · DORSET VALE,,,,No,Ambiguous,Ambiguous authoritative locality fields,Grey fallback,,,,,,,No,Multiple authoritative locality values are stored for this Directions entry; no locality was guessed.,"16A GORSE AVENUE, HAWTHORNDENE, SOUTH AUSTRALIA, 5051"
185,BLACKWOOD MAIN-125,BLACKWOOD MAIN,DRYANDRA DRIVE,BELAIR,DRYANDRA DRIVE,BELAIR,DRYANDRA DRIVE|BELAIR,No,Ambiguous,Ambiguous,Grey fallback,"1 DRYANDRA DRIVE, BELAIR SA | 2 DRYANDRA DRIVE, BELAIR SA | DRYANDRA DRIVE, BELAIR SA",,,,,,No,street-only: 10 distinct exact candidates,"16A GORSE AVENUE, HAWTHORNDENE, SOUTH AUSTRALIA, 5051"
187,BLACKWOOD MAIN-126,BLACKWOOD MAIN,DUNN AVENUE,GLENALTA,DUNN AVENUE,GLENALTA,DUNN AVENUE|GLENALTA,No,Ambiguous,Ambiguous,Grey fallback,"1 DUNN AVENUE, GLENALTA SA | 2 DUNN AVENUE, GLENALTA SA | DUNN AVENUE, GLENALTA SA",,,,,,No,street-only: 10 distinct exact candidates,"16A GORSE AVENUE, HAWTHORNDENE, SOUTH AUSTRALIA, 5051"
189,BLACKWOOD MAIN-127,BLACKWOOD MAIN,EAGLE ROAD,EAGLE ON THE HILL · LEAWOOD GARDENS,,,,No,Ambiguous,Ambiguous authoritative locality fields,Grey fallback,,,,,,,No,Multiple authoritative locality values are stored for this Directions entry; no locality was guessed.,"16A GORSE AVENUE, HAWTHORNDENE, SOUTH AUSTRALIA, 5051"
195,BLACKWOOD MAIN-132,BLACKWOOD MAIN,EDGECUMBE PARADE,BLACKWOOD · HAWTHORNDENE,,,,No,Ambiguous,Ambiguous authoritative locality fields,Grey fallback,,,,,,,No,Multiple authoritative locality values are stored for this Directions entry; no locality was guessed.,"16A GORSE AVENUE, HAWTHORNDENE, SOUTH AUSTRALIA, 5051"
196,CORO EAST & CHERRY-9,CORO EAST & CHERRY,EDIALTA ROAD,CHERRY GARDENS,EDIALTA ROAD,CHERRY GARDENS,EDIALTA ROAD|CHERRY GARDENS,No,Ambiguous,Ambiguous,Grey fallback,"1 EDIALTA ROAD, CHERRY GARDENS SA | 2 EDIALTA ROAD, CHERRY GARDENS SA | EDIALTA ROAD, CHERRY GARDENS SA",,,,,,No,street-only: 10 distinct exact candidates,"16A GORSE AVENUE, HAWTHORNDENE, SOUTH AUSTRALIA, 5051"
203,BLACKWOOD MAIN-139,BLACKWOOD MAIN,EMMETT ROAD,BROWNHILL CREEK · CRAFERS WEST,,,,No,Ambiguous,Ambiguous authoritative locality fields,Grey fallback,,,,,,,No,Multiple authoritative locality values are stored for this Directions entry; no locality was guessed.,"16A GORSE AVENUE, HAWTHORNDENE, SOUTH AUSTRALIA, 5051"
218,BLACKWOOD MAIN-151,BLACKWOOD MAIN,FIVEASH DRIVE,PASADENA,FIVEASH DRIVE,PASADENA,FIVEASH DRIVE|PASADENA,No,Ambiguous,Ambiguous,Grey fallback,"1 FIVEASH DRIVE, PASADENA SA | 2 FIVEASH DRIVE, PASADENA SA | FIVEASH DRIVE, PASADENA SA",,,,,,No,street-only: 10 distinct exact candidates,"16A GORSE AVENUE, HAWTHORNDENE, SOUTH AUSTRALIA, 5051"
222,CORO EAST & CHERRY-10,CORO EAST & CHERRY,FOOTT LANE,COROMANDEL EAST,FOOTT LANE,COROMANDEL EAST,FOOTT LANE|COROMANDEL EAST,No,Ambiguous,Ambiguous,Grey fallback,"1 FOOTT LANE, COROMANDEL EAST SA | 2 FOOTT LANE, COROMANDEL EAST SA | FOOTT LANE, COROMANDEL EAST SA",,,,,,No,street-only: 6 distinct exact candidates,"16A GORSE AVENUE, HAWTHORNDENE, SOUTH AUSTRALIA, 5051"
224,BLACKWOOD MAIN-155,BLACKWOOD MAIN,FOREST AVENUE,HAWTHORNDENE,FOREST AVENUE,HAWTHORNDENE,FOREST AVENUE|HAWTHORNDENE,No,Ambiguous,Ambiguous,Grey fallback,"1 FOREST AVENUE, HAWTHORNDENE SA | 2 FOREST AVENUE, HAWTHORNDENE SA | FOREST AVENUE, HAWTHORNDENE SA",,,,,,No,street-only: 10 distinct exact candidates,"16A GORSE AVENUE, HAWTHORNDENE, SOUTH AUSTRALIA, 5051"
226,BLACKWOOD MAIN-157,BLACKWOOD MAIN,FRANCIS STREET,BELAIR,FRANCIS STREET,BELAIR,FRANCIS STREET|BELAIR,No,Ambiguous,Ambiguous,Grey fallback,"1 FRANCIS STREET, BELAIR SA | 2 FRANCIS STREET, BELAIR SA | FRANCIS STREET, BELAIR SA",,,,,,No,street-only: 10 distinct exact candidates,"16A GORSE AVENUE, HAWTHORNDENE, SOUTH AUSTRALIA, 5051"
227,CORO EAST & CHERRY-11,CORO EAST & CHERRY,FRITH ROAD,CHERRY GARDENS,FRITH ROAD,CHERRY GARDENS,FRITH ROAD|CHERRY GARDENS,No,Ambiguous,Ambiguous,Grey fallback,"1 FRITH ROAD, CHERRY GARDENS SA | 2 FRITH ROAD, CHERRY GARDENS SA | FRITH ROAD, CHERRY GARDENS SA",,,,,,No,street-only: 10 distinct exact candidates,"16A GORSE AVENUE, HAWTHORNDENE, SOUTH AUSTRALIA, 5051"
228,BLACKWOOD MAIN-158,BLACKWOOD MAIN,FULLARTON ROAD,MITCHAM,FULLARTON ROAD,MITCHAM,FULLARTON ROAD|MITCHAM,No,Ambiguous,Ambiguous,Grey fallback,"1 FULLARTON ROAD, MITCHAM SA | 2 FULLARTON ROAD, MITCHAM SA | FULLARTON ROAD, MITCHAM SA",,,,,,No,street-only: 8 distinct exact candidates,"16A GORSE AVENUE, HAWTHORNDENE, SOUTH AUSTRALIA, 5051"
233,BLACKWOOD MAIN-163,BLACKWOOD MAIN,GARNET AVENUE,BLACKWOOD,GARNET AVENUE,BLACKWOOD,GARNET AVENUE|BLACKWOOD,No,Ambiguous,Ambiguous,Grey fallback,"1 GARNET AVENUE, BLACKWOOD SA | 2 GARNET AVENUE, BLACKWOOD SA | GARNET AVENUE, BLACKWOOD SA",,,,,,No,street-only: 10 distinct exact candidates,"16A GORSE AVENUE, HAWTHORNDENE, SOUTH AUSTRALIA, 5051"
237,BLACKWOOD MAIN-165,BLACKWOOD MAIN,GLADSTONE ROAD,BLACKWOOD,GLADSTONE ROAD,BLACKWOOD,GLADSTONE ROAD|BLACKWOOD,No,Ambiguous,Ambiguous,Grey fallback,"1 GLADSTONE ROAD, BLACKWOOD SA | 2 GLADSTONE ROAD, BLACKWOOD SA | GLADSTONE ROAD, BLACKWOOD SA",,,,,,No,street-only: 10 distinct exact candidates,"16A GORSE AVENUE, HAWTHORNDENE, SOUTH AUSTRALIA, 5051"
244,BLACKWOOD MAIN-171,BLACKWOOD MAIN,GLENGARRY AVENUE,GLENALTA,GLENGARRY AVENUE,GLENALTA,GLENGARRY AVENUE|GLENALTA,No,Ambiguous,Ambiguous,Grey fallback,"1 GLENGARRY AVENUE, GLENALTA SA | 2 GLENGARRY AVENUE, GLENALTA SA | GLENGARRY AVENUE, GLENALTA SA",,,,,,No,street-only: 10 distinct exact candidates,"16A GORSE AVENUE, HAWTHORNDENE, SOUTH AUSTRALIA, 5051"
246,BLACKWOOD MAIN-173,BLACKWOOD MAIN,GLENGYLE AVENUE,BLACKWOOD,GLENGYLE AVENUE,BLACKWOOD,GLENGYLE AVENUE|BLACKWOOD,No,Ambiguous,Ambiguous,Grey fallback,"1 GLENGYLE AVENUE, BLACKWOOD SA | 2 GLENGYLE AVENUE, BLACKWOOD SA | GLENGYLE AVENUE, BLACKWOOD SA",,,,,,No,street-only: 10 distinct exact candidates,"16A GORSE AVENUE, HAWTHORNDENE, SOUTH AUSTRALIA, 5051"
248,BLACKWOOD MAIN-175,BLACKWOOD MAIN,GLOUCESTER AVENUE,BELAIR · BLACKWOOD,,,,No,Ambiguous,Ambiguous authoritative locality fields,Grey fallback,,,,,,,No,Multiple authoritative locality values are stored for this Directions entry; no locality was guessed.,"16A GORSE AVENUE, HAWTHORNDENE, SOUTH AUSTRALIA, 5051"
264,BLACKWOOD MAIN-185,BLACKWOOD MAIN,GRATTON STREET,BELAIR · BLACKWOOD,,,,No,Ambiguous,Ambiguous authoritative locality fields,Grey fallback,,,,,,,No,Multiple authoritative locality values are stored for this Directions entry; no locality was guessed.,"16A GORSE AVENUE, HAWTHORNDENE, SOUTH AUSTRALIA, 5051"
270,BLACKWOOD MAIN-189,BLACKWOOD MAIN,GREVILLEA WAY,BELAIR · BLACKWOOD,,,,No,Ambiguous,Ambiguous authoritative locality fields,Grey fallback,,,,,,,No,Multiple authoritative locality values are stored for this Directions entry; no locality was guessed.,"16A GORSE AVENUE, HAWTHORNDENE, SOUTH AUSTRALIA, 5051"
273,BLACKWOOD MAIN-192,BLACKWOOD MAIN,GUM GROVE,BELAIR · BLACKWOOD,,,,No,Ambiguous,Ambiguous authoritative locality fields,Grey fallback,,,,,,,No,Multiple authoritative locality values are stored for this Directions entry; no locality was guessed.,"16A GORSE AVENUE, HAWTHORNDENE, SOUTH AUSTRALIA, 5051"
277,BLACKWOOD MAIN-194,BLACKWOOD MAIN,HAKEA COURT,COROMANDEL VALLEY,HAKEA COURT,COROMANDEL VALLEY,HAKEA COURT|COROMANDEL VALLEY,Yes,Ambiguous,Ambiguous,Grey fallback,"1 HAKEA COURT, COROMANDEL VALLEY SA | 2 HAKEA COURT, COROMANDEL VALLEY SA | HAKEA COURT, COROMANDEL VALLEY SA",,,,,,No,street-only: 2 distinct exact candidates,"16A GORSE AVENUE, HAWTHORNDENE, SOUTH AUSTRALIA, 5051"
278,CORO STREETS-42,CORO STREETS,HAKEA COURT,COROMANDEL VALLEY,HAKEA COURT,COROMANDEL VALLEY,HAKEA COURT|COROMANDEL VALLEY,Yes,Ambiguous,Ambiguous,Grey fallback,"1 HAKEA COURT, COROMANDEL VALLEY SA | 2 HAKEA COURT, COROMANDEL VALLEY SA | HAKEA COURT, COROMANDEL VALLEY SA",,,,,,No,street-only: 2 distinct exact candidates,"16A GORSE AVENUE, HAWTHORNDENE, SOUTH AUSTRALIA, 5051"
282,BLACKWOOD MAIN-198,BLACKWOOD MAIN,HAWKER AVENUE,BELAIR,HAWKER AVENUE,BELAIR,HAWKER AVENUE|BELAIR,No,Ambiguous,Ambiguous,Grey fallback,"1 HAWKER AVENUE, BELAIR SA | 2 HAWKER AVENUE, BELAIR SA | HAWKER AVENUE, BELAIR SA",,,,,,No,street-only: 10 distinct exact candidates,"16A GORSE AVENUE, HAWTHORNDENE, SOUTH AUSTRALIA, 5051"
283,BLACKWOOD MAIN-199,BLACKWOOD MAIN,HAWTHORNDENE DRIVE,HAWTHORNDENE,HAWTHORNDENE DRIVE,HAWTHORNDENE,HAWTHORNDENE DRIVE|HAWTHORNDENE,No,Ambiguous,Ambiguous,Grey fallback,"1 HAWTHORNDENE DRIVE, HAWTHORNDENE SA | 2 HAWTHORNDENE DRIVE, HAWTHORNDENE SA | HAWTHORNDENE DRIVE, HAWTHORNDENE SA",,,,,,No,street-only: 10 distinct exact candidates,"16A GORSE AVENUE, HAWTHORNDENE, SOUTH AUSTRALIA, 5051"
284,BLACKWOOD PARK-32,BLACKWOOD PARK,HAYMAN RETREAT,CRAIGBURN FARM,HAYMAN RETREAT,CRAIGBURN FARM,HAYMAN RETREAT|CRAIGBURN FARM,No,Ambiguous,Ambiguous,Grey fallback,"1 HAYMAN RETREAT, CRAIGBURN FARM SA | 2 HAYMAN RETREAT, CRAIGBURN FARM SA | HAYMAN RETREAT, CRAIGBURN FARM SA",,,,,,No,street-only: 10 distinct exact candidates,"16A GORSE AVENUE, HAWTHORNDENE, SOUTH AUSTRALIA, 5051"
289,CORO EAST & CHERRY-12,CORO EAST & CHERRY,HICKS HILL ROAD,CHERRY GARDENS,HICKS HILL ROAD,CHERRY GARDENS,HICKS HILL ROAD|CHERRY GARDENS,No,Ambiguous,Ambiguous,Grey fallback,"1 HICKS HILL ROAD, CHERRY GARDENS SA | 2 HICKS HILL ROAD, CHERRY GARDENS SA | HICKS HILL ROAD, CHERRY GARDENS SA",,,,,,No,street-only: 10 distinct exact candidates,"16A GORSE AVENUE, HAWTHORNDENE, SOUTH AUSTRALIA, 5051"
291,BLACKWOOD PARK-33,BLACKWOOD PARK,HIGHFIELD DRIVE,CRAIGBURN FARM,HIGHFIELD DRIVE,CRAIGBURN FARM,HIGHFIELD DRIVE|CRAIGBURN FARM,No,Ambiguous,Ambiguous,Grey fallback,"1 HIGHFIELD DRIVE, CRAIGBURN FARM SA | 2 HIGHFIELD DRIVE, CRAIGBURN FARM SA | HIGHFIELD DRIVE, CRAIGBURN FARM SA",,,,,,No,street-only: 10 distinct exact candidates,"16A GORSE AVENUE, HAWTHORNDENE, SOUTH AUSTRALIA, 5051"
311,BLACKWOOD MAIN-217,BLACKWOOD MAIN,HUNTINGDON DRIVE,GLENALTA,HUNTINGDON DRIVE,GLENALTA,HUNTINGDON DRIVE|GLENALTA,No,Ambiguous,Ambiguous,Grey fallback,"1 HUNTINGDON DRIVE, GLENALTA SA | 2 HUNTINGDON DRIVE, GLENALTA SA | HUNTINGDON DRIVE, GLENALTA SA",,,,,,No,street-only: 10 distinct exact candidates,"16A GORSE AVENUE, HAWTHORNDENE, SOUTH AUSTRALIA, 5051"
317,CORO EAST & CHERRY-13,CORO EAST & CHERRY,JACOBS ROAD,CHERRY GARDENS,JACOBS ROAD,CHERRY GARDENS,JACOBS ROAD|CHERRY GARDENS,No,Ambiguous,Ambiguous,Grey fallback,"1 JACOBS ROAD, CHERRY GARDENS SA | 2 JACOBS ROAD, CHERRY GARDENS SA | JACOBS ROAD, CHERRY GARDENS SA",,,,,,No,street-only: 10 distinct exact candidates,"16A GORSE AVENUE, HAWTHORNDENE, SOUTH AUSTRALIA, 5051"
325,BLACKWOOD MAIN-226,BLACKWOOD MAIN,JOHNSON PARADE,BLACKWOOD,JOHNSON PARADE,BLACKWOOD,JOHNSON PARADE|BLACKWOOD,No,Ambiguous,Ambiguous,Grey fallback,"1 JOHNSON PARADE, BLACKWOOD SA | 2 JOHNSON PARADE, BLACKWOOD SA | JOHNSON PARADE, BLACKWOOD SA",,,,,,No,No. 1: 2 distinct exact candidates; street-only: 10 distinct exact candidates,"16A GORSE AVENUE, HAWTHORNDENE, SOUTH AUSTRALIA, 5051"
332,BLACKWOOD MAIN-232,BLACKWOOD MAIN,KENT AVENUE,GLENALTA,KENT AVENUE,GLENALTA,KENT AVENUE|GLENALTA,No,Ambiguous,Ambiguous,Grey fallback,"1 KENT AVENUE, GLENALTA SA | 2 KENT AVENUE, GLENALTA SA | KENT AVENUE, GLENALTA SA",,,,,,No,street-only: 6 distinct exact candidates,"16A GORSE AVENUE, HAWTHORNDENE, SOUTH AUSTRALIA, 5051"
337,BLACKWOOD MAIN-235,BLACKWOOD MAIN,KINNANE CRESCENT,PASADENA,KINNANE CRESCENT,PASADENA,KINNANE CRESCENT|PASADENA,No,Ambiguous,Ambiguous,Grey fallback,"1 KINNANE CRESCENT, PASADENA SA | 2 KINNANE CRESCENT, PASADENA SA | KINNANE CRESCENT, PASADENA SA",,,,,,No,street-only: 9 distinct exact candidates,"16A GORSE AVENUE, HAWTHORNDENE, SOUTH AUSTRALIA, 5051"
344,BLACKWOOD MAIN-241,BLACKWOOD MAIN,LAFFERS ROAD,BELAIR · GLENALTA,,,,No,Ambiguous,Ambiguous authoritative locality fields,Grey fallback,,,,,,,No,Multiple authoritative locality values are stored for this Directions entry; no locality was guessed.,"16A GORSE AVENUE, HAWTHORNDENE, SOUTH AUSTRALIA, 5051"
345,CORO EAST & CHERRY-15,CORO EAST & CHERRY,LAFFERTY ROAD,CHANDLERS HILL,LAFFERTY ROAD,CHANDLERS HILL,LAFFERTY ROAD|CHANDLERS HILL,No,Ambiguous,Ambiguous,Grey fallback,"1 LAFFERTY ROAD, CHANDLERS HILL SA | 2 LAFFERTY ROAD, CHANDLERS HILL SA | LAFFERTY ROAD, CHANDLERS HILL SA",,,,,,No,No. 1: 3 distinct exact candidates; street-only: 10 distinct exact candidates,"16A GORSE AVENUE, HAWTHORNDENE, SOUTH AUSTRALIA, 5051"
353,CORO EAST & CHERRY-16,CORO EAST & CHERRY,LEWIS STREET,CHERRY GARDENS,LEWIS STREET,CHERRY GARDENS,LEWIS STREET|CHERRY GARDENS,No,Ambiguous,Ambiguous,Grey fallback,"1 LEWIS STREET, CHERRY GARDENS SA | 2 LEWIS STREET, CHERRY GARDENS SA | LEWIS STREET, CHERRY GARDENS SA",,,,,,No,No. 1: 3 distinct exact candidates; street-only: 10 distinct exact candidates,"16A GORSE AVENUE, HAWTHORNDENE, SOUTH AUSTRALIA, 5051"
356,BLACKWOOD MAIN-247,BLACKWOOD MAIN,LIND AVENUE,BELAIR,LIND AVENUE,BELAIR,LIND AVENUE|BELAIR,No,Ambiguous,Ambiguous,Grey fallback,"1 LIND AVENUE, BELAIR SA | 2 LIND AVENUE, BELAIR SA | LIND AVENUE, BELAIR SA",,,,,,No,street-only: 6 distinct exact candidates,"16A GORSE AVENUE, HAWTHORNDENE, SOUTH AUSTRALIA, 5051"
362,BLACKWOOD MAIN-253,BLACKWOOD MAIN,LONGVIEW AVENUE,BELAIR,LONGVIEW AVENUE,BELAIR,LONGVIEW AVENUE|BELAIR,No,Ambiguous,Ambiguous,Grey fallback,"1 LONGVIEW AVENUE, BELAIR SA | 2 LONGVIEW AVENUE, BELAIR SA | LONGVIEW AVENUE, BELAIR SA",,,,,,No,street-only: 10 distinct exact candidates,"16A GORSE AVENUE, HAWTHORNDENE, SOUTH AUSTRALIA, 5051"
368,CORO EAST & CHERRY-17,CORO EAST & CHERRY,MAHAR ROAD,CHERRY GARDENS,MAHAR ROAD,CHERRY GARDENS,MAHAR ROAD|CHERRY GARDENS,No,Ambiguous,Ambiguous,Grey fallback,"1 MAHAR ROAD, CHERRY GARDENS SA | 2 MAHAR ROAD, CHERRY GARDENS SA | MAHAR ROAD, CHERRY GARDENS SA",,,,,,No,street-only: 10 distinct exact candidates,"16A GORSE AVENUE, HAWTHORNDENE, SOUTH AUSTRALIA, 5051"
369,BLACKWOOD MAIN-259,BLACKWOOD MAIN,MAIN RD,"BLACKWOOD · COROMANDEL AREA · 357 ABOVE, & 358 ABOVE",,,,No,Ambiguous,Ambiguous authoritative locality fields,Grey fallback,,,,,,,No,Multiple authoritative locality values are stored for this Directions entry; no locality was guessed.,"16A GORSE AVENUE, HAWTHORNDENE, SOUTH AUSTRALIA, 5051"
370,CORO EAST & CHERRY-18,CORO EAST & CHERRY,MAIN ROAD,CHERRY GARDENS · CHANDLERS HILL,,,,No,Ambiguous,Ambiguous authoritative locality fields,Grey fallback,,,,,,,No,Multiple authoritative locality values are stored for this Directions entry; no locality was guessed.,"16A GORSE AVENUE, HAWTHORNDENE, SOUTH AUSTRALIA, 5051"
371,CORO STREETS-59,CORO STREETS,MAIN ROAD,COROMANDEL VALLEY · CHERRY GARDENS · CHANDLERS HILL,,,,No,Ambiguous,Ambiguous authoritative locality fields,Grey fallback,,,,,,,No,Multiple authoritative locality values are stored for this Directions entry; no locality was guessed.,"16A GORSE AVENUE, HAWTHORNDENE, SOUTH AUSTRALIA, 5051"
372,BLACKWOOD PARK-38,BLACKWOOD PARK,MALBEC STREET,CRAIGBURN FARM,MALBEC STREET,CRAIGBURN FARM,MALBEC STREET|CRAIGBURN FARM,No,Ambiguous,Ambiguous,Grey fallback,"1 MALBEC STREET, CRAIGBURN FARM SA | 2 MALBEC STREET, CRAIGBURN FARM SA | MALBEC STREET, CRAIGBURN FARM SA",,,,,,No,street-only: 10 distinct exact candidates,"16A GORSE AVENUE, HAWTHORNDENE, SOUTH AUSTRALIA, 5051"
373,BLACKWOOD MAIN-260,BLACKWOOD MAIN,MALCOLM STREET,BEDFORD PARK,MALCOLM STREET,BEDFORD PARK,MALCOLM STREET|BEDFORD PARK,No,Ambiguous,Ambiguous,Grey fallback,"1 MALCOLM STREET, BEDFORD PARK SA | 2 MALCOLM STREET, BEDFORD PARK SA | MALCOLM STREET, BEDFORD PARK SA",,,,,,No,street-only: 10 distinct exact candidates,"16A GORSE AVENUE, HAWTHORNDENE, SOUTH AUSTRALIA, 5051"
380,CORO EAST & CHERRY-19,CORO EAST & CHERRY,MARSHALL ROAD,CHERRY GARDENS,MARSHALL ROAD,CHERRY GARDENS,MARSHALL ROAD|CHERRY GARDENS,No,Ambiguous,Ambiguous,Grey fallback,"1 MARSHALL ROAD, CHERRY GARDENS SA | 2 MARSHALL ROAD, CHERRY GARDENS SA | MARSHALL ROAD, CHERRY GARDENS SA",,,,,,No,street-only: 10 distinct exact candidates,"16A GORSE AVENUE, HAWTHORNDENE, SOUTH AUSTRALIA, 5051"
398,CORO STREETS-66,CORO STREETS,MEWS WAY,COROMANDEL VALLEY,MEWS WAY,COROMANDEL VALLEY,MEWS WAY|COROMANDEL VALLEY,No,Ambiguous,Ambiguous,Grey fallback,"1 MEWS WAY, COROMANDEL VALLEY SA | 2 MEWS WAY, COROMANDEL VALLEY SA | MEWS WAY, COROMANDEL VALLEY SA",,,,,,No,street-only: 9 distinct exact candidates,"16A GORSE AVENUE, HAWTHORNDENE, SOUTH AUSTRALIA, 5051"
407,BLACKWOOD MAIN-281,BLACKWOOD MAIN,MITCHELL CRESCENT,PASADENA,MITCHELL CRESCENT,PASADENA,MITCHELL CRESCENT|PASADENA,No,Ambiguous,Ambiguous,Grey fallback,"1 MITCHELL CRESCENT, PASADENA SA | 2 MITCHELL CRESCENT, PASADENA SA | MITCHELL CRESCENT, PASADENA SA",,,,,,No,street-only: 10 distinct exact candidates,"16A GORSE AVENUE, HAWTHORNDENE, SOUTH AUSTRALIA, 5051"
409,BLACKWOOD MAIN-282,BLACKWOOD MAIN,MONALTA DRIVE,BELAIR,MONALTA DRIVE,BELAIR,MONALTA DRIVE|BELAIR,No,Ambiguous,Ambiguous,Grey fallback,"1 MONALTA DRIVE, BELAIR SA | 2 MONALTA DRIVE, BELAIR SA | MONALTA DRIVE, BELAIR SA",,,,,,No,street-only: 10 distinct exact candidates,"16A GORSE AVENUE, HAWTHORNDENE, SOUTH AUSTRALIA, 5051"
412,BLACKWOOD MAIN-285,BLACKWOOD MAIN,MOUNT BARKER ROAD,EAGLE ON THE HILL · LEAWOOD GARDENS,,,,No,Ambiguous,Ambiguous authoritative locality fields,Grey fallback,,,,,,,No,Multiple authoritative locality values are stored for this Directions entry; no locality was guessed.,"16A GORSE AVENUE, HAWTHORNDENE, SOUTH AUSTRALIA, 5051"
414,BLACKWOOD MAIN-287,BLACKWOOD MAIN,MOUNTBATTEN ROAD,BELLEVUE HEIGHTS,MOUNTBATTEN ROAD,BELLEVUE HEIGHTS,MOUNTBATTEN ROAD|BELLEVUE HEIGHTS,No,Ambiguous,Ambiguous,Grey fallback,"1 MOUNTBATTEN ROAD, BELLEVUE HEIGHTS SA | 2 MOUNTBATTEN ROAD, BELLEVUE HEIGHTS SA | MOUNTBATTEN ROAD, BELLEVUE HEIGHTS SA",,,,,,No,street-only: 10 distinct exact candidates,"16A GORSE AVENUE, HAWTHORNDENE, SOUTH AUSTRALIA, 5051"
417,BLACKWOOD MAIN-290,BLACKWOOD MAIN,MURRAY STREET,BLACKWOOD,MURRAY STREET,BLACKWOOD,MURRAY STREET|BLACKWOOD,No,Ambiguous,Ambiguous,Grey fallback,"1 MURRAY STREET, BLACKWOOD SA | 2 MURRAY STREET, BLACKWOOD SA | MURRAY STREET, BLACKWOOD SA",,,,,,No,street-only: 5 distinct exact candidates,"16A GORSE AVENUE, HAWTHORNDENE, SOUTH AUSTRALIA, 5051"
418,CORO STREETS-69,CORO STREETS,MURRAY'S HILL ROAD,COROMANDEL VALLEY · FLAGSTAFF HILL,,,,No,Ambiguous,Ambiguous authoritative locality fields,Grey fallback,,,,,,,No,Multiple authoritative locality values are stored for this Directions entry; no locality was guessed.,"16A GORSE AVENUE, HAWTHORNDENE, SOUTH AUSTRALIA, 5051"
419,BLACKWOOD MAIN-291,BLACKWOOD MAIN,MURRAYS HILL ROAD,COROMANDEL VALLEY,MURRAYS HILL ROAD,COROMANDEL VALLEY,MURRAYS HILL ROAD|COROMANDEL VALLEY,No,Ambiguous,Ambiguous,Grey fallback,"1 MURRAYS HILL ROAD, COROMANDEL VALLEY SA | 2 MURRAYS HILL ROAD, COROMANDEL VALLEY SA | MURRAYS HILL ROAD, COROMANDEL VALLEY SA",,,,,,No,street-only: 10 distinct exact candidates,"16A GORSE AVENUE, HAWTHORNDENE, SOUTH AUSTRALIA, 5051"
429,BLACKWOOD PARK-40,BLACKWOOD PARK,NEWLAND COURT,CRAIGBURN FARM,NEWLAND COURT,CRAIGBURN FARM,NEWLAND COURT|CRAIGBURN FARM,No,Ambiguous,Ambiguous,Grey fallback,"1 NEWLAND COURT, CRAIGBURN FARM SA | 2 NEWLAND COURT, CRAIGBURN FARM SA | NEWLAND COURT, CRAIGBURN FARM SA",,,,,,No,street-only: 10 distinct exact candidates,"16A GORSE AVENUE, HAWTHORNDENE, SOUTH AUSTRALIA, 5051"
438,BLACKWOOD MAIN-305,BLACKWOOD MAIN,OAK CRESCENT,HAWTHORNDENE,OAK CRESCENT,HAWTHORNDENE,OAK CRESCENT|HAWTHORNDENE,No,Ambiguous,Ambiguous,Grey fallback,"1 OAK CRESCENT, HAWTHORNDENE SA | 2 OAK CRESCENT, HAWTHORNDENE SA | OAK CRESCENT, HAWTHORNDENE SA",,,,,,No,street-only: 10 distinct exact candidates,"16A GORSE AVENUE, HAWTHORNDENE, SOUTH AUSTRALIA, 5051"
439,CORO STREETS-74,CORO STREETS,OAKDENE CRESCENT,COROMANDEL VALLEY,OAKDENE CRESCENT,COROMANDEL VALLEY,OAKDENE CRESCENT|COROMANDEL VALLEY,No,Ambiguous,Ambiguous,Grey fallback,"1 OAKDENE CRESCENT, COROMANDEL VALLEY SA | 2 OAKDENE CRESCENT, COROMANDEL VALLEY SA | OAKDENE CRESCENT, COROMANDEL VALLEY SA",,,,,,No,street-only: 10 distinct exact candidates,"16A GORSE AVENUE, HAWTHORNDENE, SOUTH AUSTRALIA, 5051"
441,BLACKWOOD MAIN-307,BLACKWOOD MAIN,OFFLER AVENUE,BELLEVUE HEIGHTS,OFFLER AVENUE,BELLEVUE HEIGHTS,OFFLER AVENUE|BELLEVUE HEIGHTS,No,Ambiguous,Ambiguous,Grey fallback,"1 OFFLER AVENUE, BELLEVUE HEIGHTS SA | 2 OFFLER AVENUE, BELLEVUE HEIGHTS SA | OFFLER AVENUE, BELLEVUE HEIGHTS SA",,,,,,No,street-only: 10 distinct exact candidates,"16A GORSE AVENUE, HAWTHORNDENE, SOUTH AUSTRALIA, 5051"
442,BLACKWOOD MAIN-308,BLACKWOOD MAIN,OLAVE HILL ROAD,HAWTHORNDENE · UPPER STURT,,,,No,Ambiguous,Ambiguous authoritative locality fields,Grey fallback,,,,,,,No,Multiple authoritative locality values are stored for this Directions entry; no locality was guessed.,"16A GORSE AVENUE, HAWTHORNDENE, SOUTH AUSTRALIA, 5051"
443,BLACKWOOD MAIN-309,BLACKWOOD MAIN,OLD BELAIR ROAD,BELAIR · MITCHAM,,,,No,Ambiguous,Ambiguous authoritative locality fields,Grey fallback,,,,,,,No,Multiple authoritative locality values are stored for this Directions entry; no locality was guessed.,"16A GORSE AVENUE, HAWTHORNDENE, SOUTH AUSTRALIA, 5051"
445,CORO EAST & CHERRY-21,CORO EAST & CHERRY,ORCHARD ROAD,CHERRY GARDENS,ORCHARD ROAD,CHERRY GARDENS,ORCHARD ROAD|CHERRY GARDENS,No,Ambiguous,Ambiguous,Grey fallback,"1 ORCHARD ROAD, CHERRY GARDENS SA | 2 ORCHARD ROAD, CHERRY GARDENS SA | ORCHARD ROAD, CHERRY GARDENS SA",,,,,,No,street-only: 5 distinct exact candidates,"16A GORSE AVENUE, HAWTHORNDENE, SOUTH AUSTRALIA, 5051"
458,BLACKWOOD MAIN-320,BLACKWOOD MAIN,PEKINA STREET,EDEN HILLS,PEKINA STREET,EDEN HILLS,PEKINA STREET|EDEN HILLS,No,Ambiguous,Ambiguous,Grey fallback,"1 PEKINA STREET, EDEN HILLS SA | 2 PEKINA STREET, EDEN HILLS SA | PEKINA STREET, EDEN HILLS SA",,,,,,No,street-only: 10 distinct exact candidates,"16A GORSE AVENUE, HAWTHORNDENE, SOUTH AUSTRALIA, 5051"
465,BLACKWOOD MAIN-327,BLACKWOOD MAIN,PETHERICK STREET,GLENALTA,PETHERICK STREET,GLENALTA,PETHERICK STREET|GLENALTA,No,Ambiguous,Ambiguous,Grey fallback,"1 PETHERICK STREET, GLENALTA SA | 2 PETHERICK STREET, GLENALTA SA | PETHERICK STREET, GLENALTA SA",,,,,,No,street-only: 10 distinct exact candidates,"16A GORSE AVENUE, HAWTHORNDENE, SOUTH AUSTRALIA, 5051"
473,BLACKWOOD MAIN-335,BLACKWOOD MAIN,PLAYFORD AVENUE,BLACKWOOD,PLAYFORD AVENUE,BLACKWOOD,PLAYFORD AVENUE|BLACKWOOD,No,Ambiguous,Ambiguous,Grey fallback,"1 PLAYFORD AVENUE, BLACKWOOD SA | 2 PLAYFORD AVENUE, BLACKWOOD SA | PLAYFORD AVENUE, BLACKWOOD SA",,,,,,No,street-only: 8 distinct exact candidates,"16A GORSE AVENUE, HAWTHORNDENE, SOUTH AUSTRALIA, 5051"
476,CORO STREETS-77,CORO STREETS,PLYMOUTH AVENUE,COROMANDEL VALLEY,PLYMOUTH AVENUE,COROMANDEL VALLEY,PLYMOUTH AVENUE|COROMANDEL VALLEY,No,Ambiguous,Ambiguous,Grey fallback,"1 PLYMOUTH AVENUE, COROMANDEL VALLEY SA | 2 PLYMOUTH AVENUE, COROMANDEL VALLEY SA | PLYMOUTH AVENUE, COROMANDEL VALLEY SA",,,,,,No,street-only: 4 distinct exact candidates,"16A GORSE AVENUE, HAWTHORNDENE, SOUTH AUSTRALIA, 5051"
477,BLACKWOOD MAIN-338,BLACKWOOD MAIN,POLE ROAD,IRONBANK · UPPER STURT,,,,No,Ambiguous,Ambiguous authoritative locality fields,Grey fallback,,,,,,,No,Multiple authoritative locality values are stored for this Directions entry; no locality was guessed.,"16A GORSE AVENUE, HAWTHORNDENE, SOUTH AUSTRALIA, 5051"
481,BLACKWOOD MAIN-342,BLACKWOOD MAIN,PRITCHARD GROVE,PASADENA,PRITCHARD GROVE,PASADENA,PRITCHARD GROVE|PASADENA,No,Ambiguous,Ambiguous,Grey fallback,"1 PRITCHARD GROVE, PASADENA SA | 2 PRITCHARD GROVE, PASADENA SA | PRITCHARD GROVE, PASADENA SA",,,,,,No,street-only: 10 distinct exact candidates,"16A GORSE AVENUE, HAWTHORNDENE, SOUTH AUSTRALIA, 5051"
482,CORO STREETS-78,CORO STREETS,PRIVATE ROAD,Now WILDHEATH ROAD · COROMANDEL VALLEY,,,,No,Ambiguous,Ambiguous authoritative locality fields,Grey fallback,,,,,,,No,Multiple authoritative locality values are stored for this Directions entry; no locality was guessed.,"16A GORSE AVENUE, HAWTHORNDENE, SOUTH AUSTRALIA, 5051"
487,BLACKWOOD MAIN-346,BLACKWOOD MAIN,RAILWAY LANE,EDEN HILLS,RAILWAY LANE,EDEN HILLS,RAILWAY LANE|EDEN HILLS,No,Ambiguous,Ambiguous,Grey fallback,"1 RAILWAY LANE, EDEN HILLS SA | 2 RAILWAY LANE, EDEN HILLS SA | RAILWAY LANE, EDEN HILLS SA",,,,,,No,street-only: 2 distinct exact candidates,"16A GORSE AVENUE, HAWTHORNDENE, SOUTH AUSTRALIA, 5051"
498,BLACKWOOD MAIN-356,BLACKWOOD MAIN,RENFREW DRIVE,HAWTHORNDENE,RENFREW DRIVE,HAWTHORNDENE,RENFREW DRIVE|HAWTHORNDENE,No,Ambiguous,Ambiguous,Grey fallback,"1 RENFREW DRIVE, HAWTHORNDENE SA | 2 RENFREW DRIVE, HAWTHORNDENE SA | RENFREW DRIVE, HAWTHORNDENE SA",,,,,,No,street-only: 10 distinct exact candidates,"16A GORSE AVENUE, HAWTHORNDENE, SOUTH AUSTRALIA, 5051"
503,BLACKWOOD PARK-42,BLACKWOOD PARK,RIDING WAY,CRAIGBURN FARM,RIDING WAY,CRAIGBURN FARM,RIDING WAY|CRAIGBURN FARM,No,Ambiguous,Ambiguous,Grey fallback,"1 RIDING WAY, CRAIGBURN FARM SA | 2 RIDING WAY, CRAIGBURN FARM SA | RIDING WAY, CRAIGBURN FARM SA",,,,,,No,street-only: 10 distinct exact candidates,"16A GORSE AVENUE, HAWTHORNDENE, SOUTH AUSTRALIA, 5051"
507,BLACKWOOD PARK-43,BLACKWOOD PARK,ROGERSON CIRCUIT,CRAIGBURN FARM,ROGERSON CIRCUIT,CRAIGBURN FARM,ROGERSON CIRCUIT|CRAIGBURN FARM,No,Ambiguous,Ambiguous,Grey fallback,"1 ROGERSON CIRCUIT, CRAIGBURN FARM SA | 2 ROGERSON CIRCUIT, CRAIGBURN FARM SA | ROGERSON CIRCUIT, CRAIGBURN FARM SA",,,,,,No,street-only: 10 distinct exact candidates,"16A GORSE AVENUE, HAWTHORNDENE, SOUTH AUSTRALIA, 5051"
519,BLACKWOOD MAIN-373,BLACKWOOD MAIN,SANDFORD AVENUE,BLACKWOOD,SANDFORD AVENUE,BLACKWOOD,SANDFORD AVENUE|BLACKWOOD,No,Ambiguous,Ambiguous,Grey fallback,"1 SANDFORD AVENUE, BLACKWOOD SA | 2 SANDFORD AVENUE, BLACKWOOD SA | SANDFORD AVENUE, BLACKWOOD SA",,,,,,No,street-only: 9 distinct exact candidates,"16A GORSE AVENUE, HAWTHORNDENE, SOUTH AUSTRALIA, 5051"
523,CORO EAST & CHERRY-22,CORO EAST & CHERRY,SCENIC ROAD,DORSET VALE,SCENIC ROAD,DORSET VALE,SCENIC ROAD|DORSET VALE,No,Ambiguous,Ambiguous,Grey fallback,"1 SCENIC ROAD, DORSET VALE SA | 2 SCENIC ROAD, DORSET VALE SA | SCENIC ROAD, DORSET VALE SA",,,,,,No,street-only: 6 distinct exact candidates,"16A GORSE AVENUE, HAWTHORNDENE, SOUTH AUSTRALIA, 5051"
525,CORO EAST & CHERRY-23,CORO EAST & CHERRY,SCOTT CREEK ROAD,CHERRY GARDENS · SCOTT CREEK,,,,No,Ambiguous,Ambiguous authoritative locality fields,Grey fallback,,,,,,,No,Multiple authoritative locality values are stored for this Directions entry; no locality was guessed.,"16A GORSE AVENUE, HAWTHORNDENE, SOUTH AUSTRALIA, 5051"
526,CORO EAST & CHERRY-24,CORO EAST & CHERRY,SCOTT CREEK ROAD,IRONBANK · LONGWOOD · HEALTHFIELD,,,,No,Ambiguous,Ambiguous authoritative locality fields,Grey fallback,,,,,,,No,Multiple authoritative locality values are stored for this Directions entry; no locality was guessed.,"16A GORSE AVENUE, HAWTHORNDENE, SOUTH AUSTRALIA, 5051"
535,CORO STREETS-89,CORO STREETS,SHANNON CRESCENT,COROMANDEL VALLEY,SHANNON CRESCENT,COROMANDEL VALLEY,SHANNON CRESCENT|COROMANDEL VALLEY,No,Ambiguous,Ambiguous,Grey fallback,"1 SHANNON CRESCENT, COROMANDEL VALLEY SA | 2 SHANNON CRESCENT, COROMANDEL VALLEY SA | SHANNON CRESCENT, COROMANDEL VALLEY SA",,,,,,No,street-only: 10 distinct exact candidates,"16A GORSE AVENUE, HAWTHORNDENE, SOUTH AUSTRALIA, 5051"
540,BLACKWOOD MAIN-385,BLACKWOOD MAIN,SHEPHERDS HILL ROAD,BLACKWOOD · EDEN HILLS,,,,No,Ambiguous,Ambiguous authoritative locality fields,Grey fallback,,,,,,,No,Multiple authoritative locality values are stored for this Directions entry; no locality was guessed.,"16A GORSE AVENUE, HAWTHORNDENE, SOUTH AUSTRALIA, 5051"
542,BLACKWOOD MAIN-387,BLACKWOOD MAIN,SHERWOOD AVENUE,BELLEVUE HEIGHTS,SHERWOOD AVENUE,BELLEVUE HEIGHTS,SHERWOOD AVENUE|BELLEVUE HEIGHTS,No,Ambiguous,Ambiguous,Grey fallback,"1 SHERWOOD AVENUE, BELLEVUE HEIGHTS SA | 2 SHERWOOD AVENUE, BELLEVUE HEIGHTS SA | SHERWOOD AVENUE, BELLEVUE HEIGHTS SA",,,,,,No,street-only: 10 distinct exact candidates,"16A GORSE AVENUE, HAWTHORNDENE, SOUTH AUSTRALIA, 5051"
547,BLACKWOOD MAIN-391,BLACKWOOD MAIN,SIMLA PARADE,BLACKWOOD,SIMLA PARADE,BLACKWOOD,SIMLA PARADE|BLACKWOOD,No,Ambiguous,Ambiguous,Grey fallback,"1 SIMLA PARADE, BLACKWOOD SA | 2 SIMLA PARADE, BLACKWOOD SA | SIMLA PARADE, BLACKWOOD SA",,,,,,No,street-only: 10 distinct exact candidates,"16A GORSE AVENUE, HAWTHORNDENE, SOUTH AUSTRALIA, 5051"
550,CORO EAST & CHERRY-25,CORO EAST & CHERRY,SLACK ROAD,CHANDLERS HILL,SLACK ROAD,CHANDLERS HILL,SLACK ROAD|CHANDLERS HILL,No,Ambiguous,Ambiguous,Grey fallback,"1 SLACK ROAD, CHANDLERS HILL SA | 2 SLACK ROAD, CHANDLERS HILL SA | SLACK ROAD, CHANDLERS HILL SA",,,,,,No,street-only: 5 distinct exact candidates,"16A GORSE AVENUE, HAWTHORNDENE, SOUTH AUSTRALIA, 5051"
564,CORO EAST & CHERRY-26,CORO EAST & CHERRY,STAR & ARROW ROAD,CORO EAST · CHERRY GARDENS,,,,No,Ambiguous,Ambiguous authoritative locality fields,Grey fallback,,,,,,,No,Multiple authoritative locality values are stored for this Directions entry; no locality was guessed.,"16A GORSE AVENUE, HAWTHORNDENE, SOUTH AUSTRALIA, 5051"
567,BLACKWOOD MAIN-401,BLACKWOOD MAIN,STATION ROAD,BLACKWOOD,STATION ROAD,BLACKWOOD,STATION ROAD|BLACKWOOD,No,Ambiguous,Ambiguous,Grey fallback,"1 STATION ROAD, BLACKWOOD SA | 2 STATION ROAD, BLACKWOOD SA | STATION ROAD, BLACKWOOD SA",,,,,,No,street-only: 10 distinct exact candidates,"16A GORSE AVENUE, HAWTHORNDENE, SOUTH AUSTRALIA, 5051"
569,BLACKWOOD MAIN-402,BLACKWOOD MAIN,STIRLING ROAD,BLACKWOOD,STIRLING ROAD,BLACKWOOD,STIRLING ROAD|BLACKWOOD,No,Ambiguous,Ambiguous,Grey fallback,"1 STIRLING ROAD, BLACKWOOD SA | 2 STIRLING ROAD, BLACKWOOD SA | STIRLING ROAD, BLACKWOOD SA",,,,,,No,No. 1: 5 distinct exact candidates; No. 2: 3 distinct exact candidates; street-only: 10 distinct exact candidates,"16A GORSE AVENUE, HAWTHORNDENE, SOUTH AUSTRALIA, 5051"
572,BLACKWOOD MAIN-404,BLACKWOOD MAIN,STURTBRAE CRESCENT,BELLEVUE HEIGHTS,STURTBRAE CRESCENT,BELLEVUE HEIGHTS,STURTBRAE CRESCENT|BELLEVUE HEIGHTS,No,Ambiguous,Ambiguous,Grey fallback,"1 STURTBRAE CRESCENT, BELLEVUE HEIGHTS SA | 2 STURTBRAE CRESCENT, BELLEVUE HEIGHTS SA | STURTBRAE CRESCENT, BELLEVUE HEIGHTS SA",,,,,,No,street-only: 10 distinct exact candidates,"16A GORSE AVENUE, HAWTHORNDENE, SOUTH AUSTRALIA, 5051"
574,BLACKWOOD PARK-47,BLACKWOOD PARK,SUN DEW AVENUE,CRAIGBURN FARM,SUN DEW AVENUE,CRAIGBURN FARM,SUN DEW AVENUE|CRAIGBURN FARM,No,Ambiguous,Ambiguous,Grey fallback,"1 SUN DEW AVENUE, CRAIGBURN FARM SA | 2 SUN DEW AVENUE, CRAIGBURN FARM SA | SUN DEW AVENUE, CRAIGBURN FARM SA",,,,,,No,street-only: 10 distinct exact candidates,"16A GORSE AVENUE, HAWTHORNDENE, SOUTH AUSTRALIA, 5051"
581,BLACKWOOD MAIN-410,BLACKWOOD MAIN,TACOMA BOULEVARD,PASADENA,TACOMA BOULEVARD,PASADENA,TACOMA BOULEVARD|PASADENA,No,Ambiguous,Ambiguous,Grey fallback,"1 TACOMA BOULEVARD, PASADENA SA | 2 TACOMA BOULEVARD, PASADENA SA | TACOMA BOULEVARD, PASADENA SA",,,,,,No,street-only: 10 distinct exact candidates,"16A GORSE AVENUE, HAWTHORNDENE, SOUTH AUSTRALIA, 5051"
587,BLACKWOOD PARK-50,BLACKWOOD PARK,THE FARM LANE,CRAIGBURN FARM,THE FARM LANE,CRAIGBURN FARM,THE FARM LANE|CRAIGBURN FARM,No,Ambiguous,Ambiguous,Grey fallback,"1 THE FARM LANE, CRAIGBURN FARM SA | 2 THE FARM LANE, CRAIGBURN FARM SA | THE FARM LANE, CRAIGBURN FARM SA",,,,,,No,No. 2: 2 distinct exact candidates; street-only: 10 distinct exact candidates,"16A GORSE AVENUE, HAWTHORNDENE, SOUTH AUSTRALIA, 5051"
588,BLACKWOOD MAIN-415,BLACKWOOD MAIN,THE KNOLL CRESCENT,COROMANDEL VALLEY,THE KNOLL CRESCENT,COROMANDEL VALLEY,THE KNOLL CRESCENT|COROMANDEL VALLEY,Yes,Ambiguous,Ambiguous,Grey fallback,"1 THE KNOLL CRESCENT, COROMANDEL VALLEY SA | 2 THE KNOLL CRESCENT, COROMANDEL VALLEY SA | THE KNOLL CRESCENT, COROMANDEL VALLEY SA",,,,,,No,street-only: 10 distinct exact candidates,"16A GORSE AVENUE, HAWTHORNDENE, SOUTH AUSTRALIA, 5051"
589,CORO STREETS-96,CORO STREETS,THE KNOLL CRESCENT,COROMANDEL VALLEY,THE KNOLL CRESCENT,COROMANDEL VALLEY,THE KNOLL CRESCENT|COROMANDEL VALLEY,Yes,Ambiguous,Ambiguous,Grey fallback,"1 THE KNOLL CRESCENT, COROMANDEL VALLEY SA | 2 THE KNOLL CRESCENT, COROMANDEL VALLEY SA | THE KNOLL CRESCENT, COROMANDEL VALLEY SA",,,,,,No,street-only: 10 distinct exact candidates,"16A GORSE AVENUE, HAWTHORNDENE, SOUTH AUSTRALIA, 5051"
596,CORO EAST & CHERRY-28,CORO EAST & CHERRY,THORLEY ROAD,CLARENDON,THORLEY ROAD,CLARENDON,THORLEY ROAD|CLARENDON,No,Ambiguous,Ambiguous,Grey fallback,"1 THORLEY ROAD, CLARENDON SA | 2 THORLEY ROAD, CLARENDON SA | THORLEY ROAD, CLARENDON SA",,,,,,No,street-only: 3 distinct exact candidates,"16A GORSE AVENUE, HAWTHORNDENE, SOUTH AUSTRALIA, 5051"
600,BLACKWOOD MAIN-421,BLACKWOOD MAIN,TILLEYS HILL ROAD,BROWNHILL CREEK · MITCHAM,,,,No,Ambiguous,Ambiguous authoritative locality fields,Grey fallback,,,,,,,No,Multiple authoritative locality values are stored for this Directions entry; no locality was guessed.,"16A GORSE AVENUE, HAWTHORNDENE, SOUTH AUSTRALIA, 5051"
601,BLACKWOOD MAIN-422,BLACKWOOD MAIN,TIPARRA STREET,EDEN HILLS,TIPARRA STREET,EDEN HILLS,TIPARRA STREET|EDEN HILLS,No,Ambiguous,Ambiguous,Grey fallback,"1 TIPARRA STREET, EDEN HILLS SA | 2 TIPARRA STREET, EDEN HILLS SA | TIPARRA STREET, EDEN HILLS SA",,,,,,No,No. 2: 5 distinct exact candidates; street-only: 10 distinct exact candidates,"16A GORSE AVENUE, HAWTHORNDENE, SOUTH AUSTRALIA, 5051"
609,CORO STREETS-101,CORO STREETS,TURNERS AVENUE,COROMANDEL VALLEY,TURNERS AVENUE,COROMANDEL VALLEY,TURNERS AVENUE|COROMANDEL VALLEY,No,Ambiguous,Ambiguous,Grey fallback,"1 TURNERS AVENUE, COROMANDEL VALLEY SA | 2 TURNERS AVENUE, COROMANDEL VALLEY SA | TURNERS AVENUE, COROMANDEL VALLEY SA",,,,,,No,street-only: 10 distinct exact candidates,"16A GORSE AVENUE, HAWTHORNDENE, SOUTH AUSTRALIA, 5051"
613,BLACKWOOD MAIN-432,BLACKWOOD MAIN,UPPER STURT ROAD,GLENALTA,UPPER STURT ROAD,GLENALTA,UPPER STURT ROAD|GLENALTA,No,Ambiguous,Ambiguous,Grey fallback,"1 UPPER STURT ROAD, GLENALTA SA | 2 UPPER STURT ROAD, GLENALTA SA | UPPER STURT ROAD, GLENALTA SA",,,,,,No,street-only: 10 distinct exact candidates,"16A GORSE AVENUE, HAWTHORNDENE, SOUTH AUSTRALIA, 5051"
622,CORO EAST & CHERRY-29,CORO EAST & CHERRY,VICKS ROAD,CHERRY GARDENS · IRON BANK,,,,No,Ambiguous,Ambiguous authoritative locality fields,Grey fallback,,,,,,,No,Multiple authoritative locality values are stored for this Directions entry; no locality was guessed.,"16A GORSE AVENUE, HAWTHORNDENE, SOUTH AUSTRALIA, 5051"
626,BLACKWOOD MAIN-441,BLACKWOOD MAIN,WAITE STREET,BLACKWOOD,WAITE STREET,BLACKWOOD,WAITE STREET|BLACKWOOD,No,Ambiguous,Ambiguous,Grey fallback,"1 WAITE STREET, BLACKWOOD SA | 2 WAITE STREET, BLACKWOOD SA | WAITE STREET, BLACKWOOD SA",,,,,,No,street-only: 10 distinct exact candidates,"16A GORSE AVENUE, HAWTHORNDENE, SOUTH AUSTRALIA, 5051"
642,CORO EAST & CHERRY-31,CORO EAST & CHERRY,WEYMOUTH ROAD,CHERRY GARDENS,WEYMOUTH ROAD,CHERRY GARDENS,WEYMOUTH ROAD|CHERRY GARDENS,No,Ambiguous,Ambiguous,Grey fallback,"1 WEYMOUTH ROAD, CHERRY GARDENS SA | 2 WEYMOUTH ROAD, CHERRY GARDENS SA | WEYMOUTH ROAD, CHERRY GARDENS SA",,,,,,No,street-only: 3 distinct exact candidates,"16A GORSE AVENUE, HAWTHORNDENE, SOUTH AUSTRALIA, 5051"
645,CORO STREETS-105,CORO STREETS,WILDHEATH ROAD,Formerly PRIVATE ROAD · COROMANDEL VALLEY,,,,No,Ambiguous,Ambiguous authoritative locality fields,Grey fallback,,,,,,,No,Multiple authoritative locality values are stored for this Directions entry; no locality was guessed.,"16A GORSE AVENUE, HAWTHORNDENE, SOUTH AUSTRALIA, 5051"
646,BLACKWOOD PARK-58,BLACKWOOD PARK,WILLIAM RUFUS PLACE,CRAIGBURN FARM,WILLIAM RUFUS PLACE,CRAIGBURN FARM,WILLIAM RUFUS PLACE|CRAIGBURN FARM,No,Ambiguous,Ambiguous,Grey fallback,"1 WILLIAM RUFUS PLACE, CRAIGBURN FARM SA | 2 WILLIAM RUFUS PLACE, CRAIGBURN FARM SA | WILLIAM RUFUS PLACE, CRAIGBURN FARM SA",,,,,,No,street-only: 10 distinct exact candidates,"16A GORSE AVENUE, HAWTHORNDENE, SOUTH AUSTRALIA, 5051"
657,BLACKWOOD MAIN-460,BLACKWOOD MAIN,WINNS ROAD,COROMANDEL VALLEY,WINNS ROAD,COROMANDEL VALLEY,WINNS ROAD|COROMANDEL VALLEY,Yes,Ambiguous,Ambiguous,Grey fallback,"1 WINNS ROAD, COROMANDEL VALLEY SA | 2 WINNS ROAD, COROMANDEL VALLEY SA | WINNS ROAD, COROMANDEL VALLEY SA",,,,,,No,street-only: 10 distinct exact candidates,"16A GORSE AVENUE, HAWTHORNDENE, SOUTH AUSTRALIA, 5051"
658,CORO STREETS-106,CORO STREETS,WINNS ROAD,COROMANDEL VALLEY,WINNS ROAD,COROMANDEL VALLEY,WINNS ROAD|COROMANDEL VALLEY,Yes,Ambiguous,Ambiguous,Grey fallback,"1 WINNS ROAD, COROMANDEL VALLEY SA | 2 WINNS ROAD, COROMANDEL VALLEY SA | WINNS ROAD, COROMANDEL VALLEY SA",,,,,,No,street-only: 10 distinct exact candidates,"16A GORSE AVENUE, HAWTHORNDENE, SOUTH AUSTRALIA, 5051"
665,BLACKWOOD PARK-60,BLACKWOOD PARK,WOODLAKE DRIVE,CRAIGBURN FARM,WOODLAKE DRIVE,CRAIGBURN FARM,WOODLAKE DRIVE|CRAIGBURN FARM,No,Ambiguous,Ambiguous,Grey fallback,"1 WOODLAKE DRIVE, CRAIGBURN FARM SA | 2 WOODLAKE DRIVE, CRAIGBURN FARM SA | WOODLAKE DRIVE, CRAIGBURN FARM SA",,,,,,No,street-only: 10 distinct exact candidates,"16A GORSE AVENUE, HAWTHORNDENE, SOUTH AUSTRALIA, 5051"
