Entry number,Entry ID,Source,Street field,Authoritative locality field(s),Lookup street,Lookup locality,Lookup key,Duplicate lookup reused,Review category,Status,Hydrants pill,Query attempted,Matched official address,Method used,Score,Latitude,Longitude,Manual override,Notes / unresolved reason,Fallback address when grey
20,BLACKWOOD MAIN-16,BLACKWOOD MAIN,AMBROSE STREET,BELAIR,AMBROSE STREET,BELAIR,AMBROSE STREET|BELAIR,No,Failed,Failed,Grey fallback,"1 AMBROSE STREET, BELAIR SA | 2 AMBROSE STREET, BELAIR SA | AMBROSE STREET, BELAIR SA",,,,,,No,No exact official candidate returned,"16A GORSE AVENUE, HAWTHORNDENE, SOUTH AUSTRALIA, 5051"
43,BLACKWOOD MAIN-30,BLACKWOOD MAIN,AYLIFFES ROAD,PASADENA,AYLIFFES ROAD,PASADENA,AYLIFFES ROAD|PASADENA,No,Failed,Failed,Grey fallback,"1 AYLIFFES ROAD, PASADENA SA | 2 AYLIFFES ROAD, PASADENA SA | AYLIFFES ROAD, PASADENA SA",,,,,,No,No. 2: returned suburb/locality does not exactly match; No. 2: returned suburb/locality does not exactly match; street-only: returned suburb/locality does not exactly match; street-only: returned suburb/locality does not exactly match; street-only: returned suburb/locality does not exactly match; street-only: returned suburb/locality does not exactly match; street-only: returned suburb/locality does not exactly match; street-only: returned suburb/locality does not exactly match; street-only: returned suburb/locality does not exactly match; street-only: returned suburb/locality does not exactly match; street-only: returned suburb/locality does not exactly match; street-only: returned suburb/locality does not exactly match,"16A GORSE AVENUE, HAWTHORNDENE, SOUTH AUSTRALIA, 5051"
47,BLACKWOOD MAIN-34,BLACKWOOD MAIN,BALY COURT,BELAIR,BALY COURT,BELAIR,BALY COURT|BELAIR,No,Failed,Failed,Grey fallback,"1 BALY COURT, BELAIR SA | 2 BALY COURT, BELAIR SA | BALY COURT, BELAIR SA",,,,,,No,No. 1: returned street does not exactly match; No. 2: returned street does not exactly match,"16A GORSE AVENUE, HAWTHORNDENE, SOUTH AUSTRALIA, 5051"
49,BLACKWOOD MAIN-35,BLACKWOOD MAIN,BANKSIA CRESCENT,BLACKWOOD,BANKSIA CRESCENT,BLACKWOOD,BANKSIA CRESCENT|BLACKWOOD,No,Failed,Failed,Grey fallback,"1 BANKSIA CRESCENT, BLACKWOOD SA | 2 BANKSIA CRESCENT, BLACKWOOD SA | BANKSIA CRESCENT, BLACKWOOD SA",,,,,,No,No. 2: returned suburb/locality does not exactly match; No. 2: returned street does not exactly match; street-only: returned suburb/locality does not exactly match; street-only: returned suburb/locality does not exactly match; street-only: returned suburb/locality does not exactly match; street-only: returned suburb/locality does not exactly match; street-only: returned suburb/locality does not exactly match; street-only: returned suburb/locality does not exactly match; street-only: returned suburb/locality does not exactly match; street-only: returned suburb/locality does not exactly match; street-only: returned suburb/locality does not exactly match; street-only: returned suburb/locality does not exactly match,"16A GORSE AVENUE, HAWTHORNDENE, SOUTH AUSTRALIA, 5051"
63,CORO STREETS-11,CORO STREETS,BEN LOMMAN ROAD,COROMANDEL VALLEY EAST,BEN LOMMAN ROAD,COROMANDEL VALLEY EAST,BEN LOMMAN ROAD|COROMANDEL VALLEY EAST,No,Failed,Failed,Grey fallback,"1 BEN LOMMAN ROAD, COROMANDEL VALLEY EAST SA | 2 BEN LOMMAN ROAD, COROMANDEL VALLEY EAST SA | BEN LOMMAN ROAD, COROMANDEL VALLEY EAST SA",,,,,,No,street-only: returned street does not exactly match; street-only: returned street does not exactly match; street-only: returned street does not exactly match; street-only: returned street does not exactly match; street-only: returned street does not exactly match; street-only: returned street does not exactly match; street-only: returned street does not exactly match; street-only: returned street does not exactly match; street-only: returned street does not exactly match; street-only: returned street does not exactly match,"16A GORSE AVENUE, HAWTHORNDENE, SOUTH AUSTRALIA, 5051"
72,BLACKWOOD MAIN-53,BLACKWOOD MAIN,BLACKTHORNE AVENUE,HAWTHORNDENE,BLACKTHORNE AVENUE,HAWTHORNDENE,BLACKTHORNE AVENUE|HAWTHORNDENE,No,Failed,Failed,Grey fallback,"1 BLACKTHORNE AVENUE, HAWTHORNDENE SA | 2 BLACKTHORNE AVENUE, HAWTHORNDENE SA | BLACKTHORNE AVENUE, HAWTHORNDENE SA",,,,,,No,No. 1: returned street does not exactly match; No. 2: returned street does not exactly match; street-only: returned street does not exactly match; street-only: returned street does not exactly match; street-only: returned street does not exactly match; street-only: returned street does not exactly match; street-only: returned street does not exactly match; street-only: returned street does not exactly match; street-only: returned street does not exactly match; street-only: returned street does not exactly match; street-only: returned street does not exactly match; street-only: returned street does not exactly match,"16A GORSE AVENUE, HAWTHORNDENE, SOUTH AUSTRALIA, 5051"
74,BLACKWOOD PARK-6,BLACKWOOD PARK,BLUE BELL COURT,CRAIGBURN FARM,BLUE BELL COURT,CRAIGBURN FARM,BLUE BELL COURT|CRAIGBURN FARM,No,Failed,Failed,Grey fallback,"1 BLUE BELL COURT, CRAIGBURN FARM SA | 2 BLUE BELL COURT, CRAIGBURN FARM SA | BLUE BELL COURT, CRAIGBURN FARM SA",,,,,,No,No. 1: returned street does not exactly match; No. 2: returned street does not exactly match; street-only: returned street does not exactly match; street-only: returned street does not exactly match; street-only: returned street does not exactly match; street-only: returned street does not exactly match; street-only: returned street does not exactly match; street-only: returned street does not exactly match; street-only: returned street does not exactly match; street-only: returned street does not exactly match; street-only: returned street does not exactly match; street-only: returned street does not exactly match,"16A GORSE AVENUE, HAWTHORNDENE, SOUTH AUSTRALIA, 5051"
120,BLACKWOOD MAIN-84,BLACKWOOD MAIN,CHERRY PLANTATION ROAD,BELAIR NATIONAL PARK,CHERRY PLANTATION ROAD,BELAIR NATIONAL PARK,CHERRY PLANTATION ROAD|BELAIR NATIONAL PARK,No,Failed,Failed,Grey fallback,"1 CHERRY PLANTATION ROAD, BELAIR NATIONAL PARK SA | 2 CHERRY PLANTATION ROAD, BELAIR NATIONAL PARK SA | CHERRY PLANTATION ROAD, BELAIR NATIONAL PARK SA",,,,,,No,No exact official candidate returned,"16A GORSE AVENUE, HAWTHORNDENE, SOUTH AUSTRALIA, 5051"
150,CORO STREETS-24,CORO STREETS,CRANE AVENUE,CORMANDEL VALLEY,CRANE AVENUE,CORMANDEL VALLEY,CRANE AVENUE|CORMANDEL VALLEY,No,Failed,Failed,Grey fallback,"1 CRANE AVENUE, CORMANDEL VALLEY SA | 2 CRANE AVENUE, CORMANDEL VALLEY SA | CRANE AVENUE, CORMANDEL VALLEY SA",,,,,,No,No. 2: returned suburb/locality does not exactly match; street-only: returned suburb/locality does not exactly match; street-only: returned suburb/locality does not exactly match; street-only: returned suburb/locality does not exactly match; street-only: returned suburb/locality does not exactly match; street-only: returned suburb/locality does not exactly match; street-only: returned suburb/locality does not exactly match; street-only: returned suburb/locality does not exactly match; street-only: returned suburb/locality does not exactly match; street-only: returned suburb/locality does not exactly match; street-only: returned suburb/locality does not exactly match,"16A GORSE AVENUE, HAWTHORNDENE, SOUTH AUSTRALIA, 5051"
151,BLACKWOOD MAIN-105,BLACKWOOD MAIN,CREEK ROAD,BELAIR NATIONAL PARK,CREEK ROAD,BELAIR NATIONAL PARK,CREEK ROAD|BELAIR NATIONAL PARK,No,Failed,Failed,Grey fallback,"1 CREEK ROAD, BELAIR NATIONAL PARK SA | 2 CREEK ROAD, BELAIR NATIONAL PARK SA | CREEK ROAD, BELAIR NATIONAL PARK SA",,,,,,No,street-only: returned suburb/locality does not exactly match; street-only: returned suburb/locality does not exactly match; street-only: returned suburb/locality does not exactly match; street-only: returned suburb/locality does not exactly match; street-only: returned suburb/locality does not exactly match; street-only: returned suburb/locality does not exactly match; street-only: returned suburb/locality does not exactly match; street-only: returned suburb/locality does not exactly match; street-only: returned suburb/locality does not exactly match; street-only: returned suburb/locality does not exactly match,"16A GORSE AVENUE, HAWTHORNDENE, SOUTH AUSTRALIA, 5051"
153,CORO STREETS-25,CORO STREETS,CROWS NEST COURT,CORMANDEL VALLEY,CROWS NEST COURT,CORMANDEL VALLEY,CROWS NEST COURT|CORMANDEL VALLEY,No,Failed,Failed,Grey fallback,"1 CROWS NEST COURT, CORMANDEL VALLEY SA | 2 CROWS NEST COURT, CORMANDEL VALLEY SA | CROWS NEST COURT, CORMANDEL VALLEY SA",,,,,,No,No. 2: returned street does not exactly match; street-only: returned street does not exactly match; street-only: returned street does not exactly match; street-only: returned street does not exactly match; street-only: returned street does not exactly match; street-only: returned street does not exactly match; street-only: returned street does not exactly match; street-only: returned street does not exactly match; street-only: returned street does not exactly match; street-only: returned street does not exactly match; street-only: returned street does not exactly match,"16A GORSE AVENUE, HAWTHORNDENE, SOUTH AUSTRALIA, 5051"
154,BLACKWOOD MAIN-106,BLACKWOOD MAIN,CULLEY ROAD,BELAIR,CULLEY ROAD,BELAIR,CULLEY ROAD|BELAIR,No,Failed,Failed,Grey fallback,"1 CULLEY ROAD, BELAIR SA | 2 CULLEY ROAD, BELAIR SA | CULLEY ROAD, BELAIR SA",,,,,,No,No. 1: returned street does not exactly match; No. 2: returned street does not exactly match; street-only: returned street does not exactly match; street-only: returned street does not exactly match; street-only: returned street does not exactly match; street-only: returned street does not exactly match; street-only: returned street does not exactly match; street-only: returned street does not exactly match; street-only: returned street does not exactly match; street-only: returned street does not exactly match,"16A GORSE AVENUE, HAWTHORNDENE, SOUTH AUSTRALIA, 5051"
155,CORO STREETS-26,CORO STREETS,CULLIN GROVE,FLAGSTAFF HILL,CULLIN GROVE,FLAGSTAFF HILL,CULLIN GROVE|FLAGSTAFF HILL,No,Failed,Failed,Grey fallback,"1 CULLIN GROVE, FLAGSTAFF HILL SA | 2 CULLIN GROVE, FLAGSTAFF HILL SA | CULLIN GROVE, FLAGSTAFF HILL SA",,,,,,No,street-only: returned street does not exactly match; street-only: returned street does not exactly match; street-only: returned street does not exactly match; street-only: returned street does not exactly match,"16A GORSE AVENUE, HAWTHORNDENE, SOUTH AUSTRALIA, 5051"
160,CORO STREETS-27,CORO STREETS,CURRAWONG CRESCENT,CORMANDEL VALLEY,CURRAWONG CRESCENT,CORMANDEL VALLEY,CURRAWONG CRESCENT|CORMANDEL VALLEY,No,Failed,Failed,Grey fallback,"1 CURRAWONG CRESCENT, CORMANDEL VALLEY SA | 2 CURRAWONG CRESCENT, CORMANDEL VALLEY SA | CURRAWONG CRESCENT, CORMANDEL VALLEY SA",,,,,,No,No. 2: returned suburb/locality does not exactly match; No. 2: returned suburb/locality does not exactly match; street-only: returned suburb/locality does not exactly match; street-only: returned suburb/locality does not exactly match; street-only: returned suburb/locality does not exactly match; street-only: returned suburb/locality does not exactly match; street-only: returned suburb/locality does not exactly match; street-only: returned suburb/locality does not exactly match; street-only: returned suburb/locality does not exactly match; street-only: returned suburb/locality does not exactly match; street-only: returned suburb/locality does not exactly match; street-only: returned suburb/locality does not exactly match,"16A GORSE AVENUE, HAWTHORNDENE, SOUTH AUSTRALIA, 5051"
162,CORO STREETS-28,CORO STREETS,DAINA COURT,CORMANDEL VALLEY,DAINA COURT,CORMANDEL VALLEY,DAINA COURT|CORMANDEL VALLEY,No,Failed,Failed,Grey fallback,"1 DAINA COURT, CORMANDEL VALLEY SA | 2 DAINA COURT, CORMANDEL VALLEY SA | DAINA COURT, CORMANDEL VALLEY SA",,,,,,No,No. 2: returned suburb/locality does not exactly match; No. 2: returned street does not exactly match; street-only: returned suburb/locality does not exactly match; street-only: returned suburb/locality does not exactly match; street-only: returned suburb/locality does not exactly match; street-only: returned suburb/locality does not exactly match; street-only: returned suburb/locality does not exactly match; street-only: returned suburb/locality does not exactly match; street-only: returned suburb/locality does not exactly match; street-only: returned suburb/locality does not exactly match; street-only: returned suburb/locality does not exactly match; street-only: returned street does not exactly match,"16A GORSE AVENUE, HAWTHORNDENE, SOUTH AUSTRALIA, 5051"
163,BLACKWOOD PARK-18,BLACKWOOD PARK,DAIRY COURT,CRAIGBURN PARK,DAIRY COURT,CRAIGBURN PARK,DAIRY COURT|CRAIGBURN PARK,No,Failed,Failed,Grey fallback,"1 DAIRY COURT, CRAIGBURN PARK SA | 2 DAIRY COURT, CRAIGBURN PARK SA | DAIRY COURT, CRAIGBURN PARK SA",,,,,,No,No. 2: returned suburb/locality does not exactly match; No. 2: returned suburb/locality does not exactly match; street-only: returned suburb/locality does not exactly match; street-only: returned suburb/locality does not exactly match; street-only: returned suburb/locality does not exactly match; street-only: returned suburb/locality does not exactly match; street-only: returned suburb/locality does not exactly match; street-only: returned suburb/locality does not exactly match; street-only: returned suburb/locality does not exactly match; street-only: returned suburb/locality does not exactly match; street-only: returned suburb/locality does not exactly match; street-only: returned suburb/locality does not exactly match,"16A GORSE AVENUE, HAWTHORNDENE, SOUTH AUSTRALIA, 5051"
166,CORO STREETS-29,CORO STREETS,DAVID STREET,CORMANDEL VALLEY,DAVID STREET,CORMANDEL VALLEY,DAVID STREET|CORMANDEL VALLEY,No,Failed,Failed,Grey fallback,"1 DAVID STREET, CORMANDEL VALLEY SA | 2 DAVID STREET, CORMANDEL VALLEY SA | DAVID STREET, CORMANDEL VALLEY SA",,,,,,No,No. 2: returned suburb/locality does not exactly match; No. 2: returned suburb/locality does not exactly match; street-only: returned suburb/locality does not exactly match; street-only: returned suburb/locality does not exactly match; street-only: returned suburb/locality does not exactly match; street-only: returned suburb/locality does not exactly match; street-only: returned suburb/locality does not exactly match; street-only: returned suburb/locality does not exactly match; street-only: returned suburb/locality does not exactly match; street-only: returned suburb/locality does not exactly match; street-only: returned suburb/locality does not exactly match; street-only: returned suburb/locality does not exactly match,"16A GORSE AVENUE, HAWTHORNDENE, SOUTH AUSTRALIA, 5051"
167,BLACKWOOD PARK-19,BLACKWOOD PARK,DAWBINEY AVENUE,CRAIGBURN PARK,DAWBINEY AVENUE,CRAIGBURN PARK,DAWBINEY AVENUE|CRAIGBURN PARK,No,Failed,Failed,Grey fallback,"1 DAWBINEY AVENUE, CRAIGBURN PARK SA | 2 DAWBINEY AVENUE, CRAIGBURN PARK SA | DAWBINEY AVENUE, CRAIGBURN PARK SA",,,,,,No,No. 1: returned suburb/locality does not exactly match; street-only: returned suburb/locality does not exactly match; street-only: returned suburb/locality does not exactly match; street-only: returned suburb/locality does not exactly match; street-only: returned suburb/locality does not exactly match; street-only: returned suburb/locality does not exactly match; street-only: returned suburb/locality does not exactly match; street-only: returned suburb/locality does not exactly match; street-only: returned suburb/locality does not exactly match; street-only: returned suburb/locality does not exactly match; street-only: returned suburb/locality does not exactly match,"16A GORSE AVENUE, HAWTHORNDENE, SOUTH AUSTRALIA, 5051"
171,BLACKWOOD MAIN-116,BLACKWOOD MAIN,DEPINDO ROAD,EDEN HILLS,DEPINDO ROAD,EDEN HILLS,DEPINDO ROAD|EDEN HILLS,No,Failed,Failed,Grey fallback,"1 DEPINDO ROAD, EDEN HILLS SA | 2 DEPINDO ROAD, EDEN HILLS SA | DEPINDO ROAD, EDEN HILLS SA",,,,,,No,No. 1: returned street does not exactly match; No. 2: returned street does not exactly match; street-only: returned street does not exactly match; street-only: returned street does not exactly match; street-only: returned street does not exactly match; street-only: returned street does not exactly match; street-only: returned street does not exactly match; street-only: returned street does not exactly match; street-only: returned street does not exactly match; street-only: returned street does not exactly match,"16A GORSE AVENUE, HAWTHORNDENE, SOUTH AUSTRALIA, 5051"
172,CORO STREETS-30,CORO STREETS,DEVON DRIVE,CORMANDEL VALLEY,DEVON DRIVE,CORMANDEL VALLEY,DEVON DRIVE|CORMANDEL VALLEY,No,Failed,Failed,Grey fallback,"1 DEVON DRIVE, CORMANDEL VALLEY SA | 2 DEVON DRIVE, CORMANDEL VALLEY SA | DEVON DRIVE, CORMANDEL VALLEY SA",,,,,,No,No. 1: returned suburb/locality does not exactly match; No. 2: returned suburb/locality does not exactly match; street-only: returned suburb/locality does not exactly match; street-only: returned suburb/locality does not exactly match; street-only: returned suburb/locality does not exactly match; street-only: returned suburb/locality does not exactly match; street-only: returned suburb/locality does not exactly match; street-only: returned suburb/locality does not exactly match; street-only: returned suburb/locality does not exactly match; street-only: returned suburb/locality does not exactly match; street-only: returned suburb/locality does not exactly match; street-only: returned suburb/locality does not exactly match,"16A GORSE AVENUE, HAWTHORNDENE, SOUTH AUSTRALIA, 5051"
175,BLACKWOOD MAIN-119,BLACKWOOD MAIN,DIANELLA COURT,PASADENA,DIANELLA COURT,PASADENA,DIANELLA COURT|PASADENA,No,Failed,Failed,Grey fallback,"1 DIANELLA COURT, PASADENA SA | 2 DIANELLA COURT, PASADENA SA | DIANELLA COURT, PASADENA SA",,,,,,No,No. 1: returned street does not exactly match; No. 2: returned street does not exactly match; street-only: returned street does not exactly match; street-only: returned street does not exactly match; street-only: returned street does not exactly match; street-only: returned street does not exactly match; street-only: returned street does not exactly match; street-only: returned street does not exactly match; street-only: returned street does not exactly match; street-only: returned street does not exactly match; street-only: returned street does not exactly match; street-only: returned street does not exactly match,"16A GORSE AVENUE, HAWTHORNDENE, SOUTH AUSTRALIA, 5051"
176,CORO STREETS-31,CORO STREETS,DIOSMA DRIVE,CORMANDEL VALLEY,DIOSMA DRIVE,CORMANDEL VALLEY,DIOSMA DRIVE|CORMANDEL VALLEY,No,Failed,Failed,Grey fallback,"1 DIOSMA DRIVE, CORMANDEL VALLEY SA | 2 DIOSMA DRIVE, CORMANDEL VALLEY SA | DIOSMA DRIVE, CORMANDEL VALLEY SA",,,,,,No,No. 1: returned suburb/locality does not exactly match; No. 2: returned suburb/locality does not exactly match; street-only: returned suburb/locality does not exactly match; street-only: returned suburb/locality does not exactly match; street-only: returned suburb/locality does not exactly match; street-only: returned suburb/locality does not exactly match; street-only: returned suburb/locality does not exactly match; street-only: returned suburb/locality does not exactly match; street-only: returned suburb/locality does not exactly match; street-only: returned suburb/locality does not exactly match; street-only: returned suburb/locality does not exactly match; street-only: returned suburb/locality does not exactly match,"16A GORSE AVENUE, HAWTHORNDENE, SOUTH AUSTRALIA, 5051"
184,CORO STREETS-32,CORO STREETS,DRISCOLL ROAD,CORMANDEL VALLEY/EAST,DRISCOLL ROAD,CORMANDEL VALLEY/EAST,DRISCOLL ROAD|CORMANDEL VALLEY EAST,No,Failed,Failed,Grey fallback,"1 DRISCOLL ROAD, CORMANDEL VALLEY/EAST SA | 2 DRISCOLL ROAD, CORMANDEL VALLEY/EAST SA | DRISCOLL ROAD, CORMANDEL VALLEY/EAST SA",,,,,,No,No. 2: returned suburb/locality does not exactly match; street-only: returned suburb/locality does not exactly match; street-only: returned suburb/locality does not exactly match; street-only: returned suburb/locality does not exactly match; street-only: returned suburb/locality does not exactly match; street-only: returned suburb/locality does not exactly match; street-only: returned suburb/locality does not exactly match; street-only: returned suburb/locality does not exactly match; street-only: returned suburb/locality does not exactly match; street-only: returned suburb/locality does not exactly match; street-only: returned suburb/locality does not exactly match,"16A GORSE AVENUE, HAWTHORNDENE, SOUTH AUSTRALIA, 5051"
193,BLACKWOOD MAIN-130,BLACKWOOD MAIN,EDEN ROAD,EDEN HILLS,EDEN ROAD,EDEN HILLS,EDEN ROAD|EDEN HILLS,No,Failed,Failed,Grey fallback,"1 EDEN ROAD, EDEN HILLS SA | 2 EDEN ROAD, EDEN HILLS SA | EDEN ROAD, EDEN HILLS SA",,,,,,No,street-only: returned suburb/locality does not exactly match; street-only: returned suburb/locality does not exactly match; street-only: returned suburb/locality does not exactly match,"16A GORSE AVENUE, HAWTHORNDENE, SOUTH AUSTRALIA, 5051"
210,CORO STREETS-34,CORO STREETS,EWERS AVENUE,CORMANDEL VALLEY,EWERS AVENUE,CORMANDEL VALLEY,EWERS AVENUE|CORMANDEL VALLEY,No,Failed,Failed,Grey fallback,"1 EWERS AVENUE, CORMANDEL VALLEY SA | 2 EWERS AVENUE, CORMANDEL VALLEY SA | EWERS AVENUE, CORMANDEL VALLEY SA",,,,,,No,No. 2: returned suburb/locality does not exactly match; street-only: returned suburb/locality does not exactly match; street-only: returned suburb/locality does not exactly match; street-only: returned suburb/locality does not exactly match; street-only: returned suburb/locality does not exactly match; street-only: returned suburb/locality does not exactly match; street-only: returned suburb/locality does not exactly match; street-only: returned suburb/locality does not exactly match; street-only: returned suburb/locality does not exactly match; street-only: returned suburb/locality does not exactly match; street-only: returned suburb/locality does not exactly match,"16A GORSE AVENUE, HAWTHORNDENE, SOUTH AUSTRALIA, 5051"
219,CORO STREETS-35,CORO STREETS,FLAMINGO CRESCENT,CORMANDEL VALLEY,FLAMINGO CRESCENT,CORMANDEL VALLEY,FLAMINGO CRESCENT|CORMANDEL VALLEY,No,Failed,Failed,Grey fallback,"1 FLAMINGO CRESCENT, CORMANDEL VALLEY SA | 2 FLAMINGO CRESCENT, CORMANDEL VALLEY SA | FLAMINGO CRESCENT, CORMANDEL VALLEY SA",,,,,,No,No exact official candidate returned,"16A GORSE AVENUE, HAWTHORNDENE, SOUTH AUSTRALIA, 5051"
221,BLACKWOOD MAIN-153,BLACKWOOD MAIN,FOOTS HILL ROAD,HAWTHORNDENE,FOOTS HILL ROAD,HAWTHORNDENE,FOOTS HILL ROAD|HAWTHORNDENE,No,Failed,Failed,Grey fallback,"1 FOOTS HILL ROAD, HAWTHORNDENE SA | 2 FOOTS HILL ROAD, HAWTHORNDENE SA | FOOTS HILL ROAD, HAWTHORNDENE SA",,,,,,No,No. 1: returned street does not exactly match; No. 2: returned street does not exactly match; street-only: returned street does not exactly match; street-only: returned street does not exactly match; street-only: returned street does not exactly match; street-only: returned street does not exactly match; street-only: returned street does not exactly match; street-only: returned street does not exactly match,"16A GORSE AVENUE, HAWTHORNDENE, SOUTH AUSTRALIA, 5051"
235,BLACKWOOD PARK-26,BLACKWOOD PARK,GARTRELL LANE,CRAIGBURN FARM,GARTRELL LANE,CRAIGBURN FARM,GARTRELL LANE|CRAIGBURN FARM,No,Failed,Failed,Grey fallback,"1 GARTRELL LANE, CRAIGBURN FARM SA | 2 GARTRELL LANE, CRAIGBURN FARM SA | GARTRELL LANE, CRAIGBURN FARM SA",,,,,,No,No. 1: returned street does not exactly match; street-only: returned street does not exactly match; street-only: returned street does not exactly match; street-only: returned street does not exactly match; street-only: returned street does not exactly match; street-only: returned street does not exactly match; street-only: returned street does not exactly match; street-only: returned street does not exactly match; street-only: returned street does not exactly match; street-only: returned street does not exactly match; street-only: returned street does not exactly match,"16A GORSE AVENUE, HAWTHORNDENE, SOUTH AUSTRALIA, 5051"
252,BLACKWOOD MAIN-178,BLACKWOOD MAIN,GOOCH ROAD,BELAIR NATIONAL PARK,GOOCH ROAD,BELAIR NATIONAL PARK,GOOCH ROAD|BELAIR NATIONAL PARK,No,Failed,Failed,Grey fallback,"1 GOOCH ROAD, BELAIR NATIONAL PARK SA | 2 GOOCH ROAD, BELAIR NATIONAL PARK SA | GOOCH ROAD, BELAIR NATIONAL PARK SA",,,,,,No,street-only: returned suburb/locality does not exactly match; street-only: returned suburb/locality does not exactly match; street-only: returned suburb/locality does not exactly match,"16A GORSE AVENUE, HAWTHORNDENE, SOUTH AUSTRALIA, 5051"
259,BLACKWOOD MAIN-183,BLACKWOOD MAIN,GOVERNMENT ROAD,SPRINGFIELD,GOVERNMENT ROAD,SPRINGFIELD,GOVERNMENT ROAD|SPRINGFIELD,No,Failed,Failed,Grey fallback,"1 GOVERNMENT ROAD, SPRINGFIELD SA | 2 GOVERNMENT ROAD, SPRINGFIELD SA | GOVERNMENT ROAD, SPRINGFIELD SA",,,,,,No,No. 1: returned suburb/locality does not exactly match; No. 2: returned suburb/locality does not exactly match; street-only: returned suburb/locality does not exactly match; street-only: returned suburb/locality does not exactly match; street-only: returned suburb/locality does not exactly match; street-only: returned suburb/locality does not exactly match; street-only: returned suburb/locality does not exactly match; street-only: returned suburb/locality does not exactly match; street-only: returned suburb/locality does not exactly match; street-only: returned suburb/locality does not exactly match; street-only: returned suburb/locality does not exactly match; street-only: returned suburb/locality does not exactly match,"16A GORSE AVENUE, HAWTHORNDENE, SOUTH AUSTRALIA, 5051"
261,BLACKWOOD MAIN-184,BLACKWOOD MAIN,GRASKE GROVE,EDEN HILLS,GRASKE GROVE,EDEN HILLS,GRASKE GROVE|EDEN HILLS,No,Failed,Failed,Grey fallback,"1 GRASKE GROVE, EDEN HILLS SA | 2 GRASKE GROVE, EDEN HILLS SA | GRASKE GROVE, EDEN HILLS SA",,,,,,No,No exact official candidate returned,"16A GORSE AVENUE, HAWTHORNDENE, SOUTH AUSTRALIA, 5051"
263,CORO STREETS-39,CORO STREETS,GRASSMERE CLOSE,COROMANDLE VALLEY,GRASSMERE CLOSE,COROMANDLE VALLEY,GRASSMERE CLOSE|COROMANDLE VALLEY,No,Failed,Failed,Grey fallback,"1 GRASSMERE CLOSE, COROMANDLE VALLEY SA | 2 GRASSMERE CLOSE, COROMANDLE VALLEY SA | GRASSMERE CLOSE, COROMANDLE VALLEY SA",,,,,,No,No. 2: returned suburb/locality does not exactly match; street-only: returned suburb/locality does not exactly match; street-only: returned suburb/locality does not exactly match; street-only: returned suburb/locality does not exactly match; street-only: returned suburb/locality does not exactly match; street-only: returned suburb/locality does not exactly match; street-only: returned suburb/locality does not exactly match,"16A GORSE AVENUE, HAWTHORNDENE, SOUTH AUSTRALIA, 5051"
274,BLACKWOOD MAIN-193,BLACKWOOD MAIN,GUM ROAD,HAWTHORNDENE,GUM ROAD,HAWTHORNDENE,GUM ROAD|HAWTHORNDENE,No,Failed,Failed,Grey fallback,"1 GUM ROAD, HAWTHORNDENE SA | 2 GUM ROAD, HAWTHORNDENE SA | GUM ROAD, HAWTHORNDENE SA",,,,,,No,No. 2: returned suburb/locality does not exactly match; No. 2: returned suburb/locality does not exactly match; No. 2: returned suburb/locality does not exactly match; street-only: returned suburb/locality does not exactly match; street-only: returned suburb/locality does not exactly match; street-only: returned suburb/locality does not exactly match; street-only: returned suburb/locality does not exactly match; street-only: returned suburb/locality does not exactly match; street-only: returned suburb/locality does not exactly match; street-only: returned suburb/locality does not exactly match,"16A GORSE AVENUE, HAWTHORNDENE, SOUTH AUSTRALIA, 5051"
288,BLACKWOOD MAIN-201,BLACKWOOD MAIN,HEWITT AVENUE,HAWTHORNDENE,HEWITT AVENUE,HAWTHORNDENE,HEWITT AVENUE|HAWTHORNDENE,No,Failed,Failed,Grey fallback,"1 HEWITT AVENUE, HAWTHORNDENE SA | 2 HEWITT AVENUE, HAWTHORNDENE SA | HEWITT AVENUE, HAWTHORNDENE SA",,,,,,No,No. 1: returned street does not exactly match; No. 2: returned street does not exactly match; street-only: returned street does not exactly match; street-only: returned street does not exactly match; street-only: returned street does not exactly match; street-only: returned street does not exactly match; street-only: returned street does not exactly match; street-only: returned street does not exactly match; street-only: returned street does not exactly match; street-only: returned street does not exactly match; street-only: returned street does not exactly match; street-only: returned street does not exactly match,"16A GORSE AVENUE, HAWTHORNDENE, SOUTH AUSTRALIA, 5051"
302,BLACKWOOD MAIN-210,BLACKWOOD MAIN,HILLTOP DRIVE,HAWTHORNDENE,HILLTOP DRIVE,HAWTHORNDENE,HILLTOP DRIVE|HAWTHORNDENE,No,Failed,Failed,Grey fallback,"1 HILLTOP DRIVE, HAWTHORNDENE SA | 2 HILLTOP DRIVE, HAWTHORNDENE SA | HILLTOP DRIVE, HAWTHORNDENE SA",,,,,,No,No. 2: returned suburb/locality does not exactly match; No. 2: returned suburb/locality does not exactly match; street-only: returned suburb/locality does not exactly match; street-only: returned suburb/locality does not exactly match; street-only: returned suburb/locality does not exactly match; street-only: returned suburb/locality does not exactly match; street-only: returned suburb/locality does not exactly match; street-only: returned suburb/locality does not exactly match; street-only: returned suburb/locality does not exactly match; street-only: returned suburb/locality does not exactly match; street-only: returned suburb/locality does not exactly match; street-only: returned suburb/locality does not exactly match,"16A GORSE AVENUE, HAWTHORNDENE, SOUTH AUSTRALIA, 5051"
305,BLACKWOOD PARK-34,BLACKWOOD PARK,HOLLYHOCK COURT,CRAIGBURN FARM,HOLLYHOCK COURT,CRAIGBURN FARM,HOLLYHOCK COURT|CRAIGBURN FARM,No,Failed,Failed,Grey fallback,"1 HOLLYHOCK COURT, CRAIGBURN FARM SA | 2 HOLLYHOCK COURT, CRAIGBURN FARM SA | HOLLYHOCK COURT, CRAIGBURN FARM SA",,,,,,No,street-only: returned street does not exactly match; street-only: returned street does not exactly match; street-only: returned street does not exactly match; street-only: returned street does not exactly match; street-only: returned street does not exactly match; street-only: returned street does not exactly match; street-only: returned street does not exactly match; street-only: returned street does not exactly match; street-only: returned street does not exactly match; street-only: returned street does not exactly match,"16A GORSE AVENUE, HAWTHORNDENE, SOUTH AUSTRALIA, 5051"
326,BLACKWOOD MAIN-227,BLACKWOOD MAIN,JUBILEE DRIVE,BELAIR NATIONAL PARK,JUBILEE DRIVE,BELAIR NATIONAL PARK,JUBILEE DRIVE|BELAIR NATIONAL PARK,No,Failed,Failed,Grey fallback,"1 JUBILEE DRIVE, BELAIR NATIONAL PARK SA | 2 JUBILEE DRIVE, BELAIR NATIONAL PARK SA | JUBILEE DRIVE, BELAIR NATIONAL PARK SA",,,,,,No,No. 2: returned suburb/locality does not exactly match; No. 2: returned suburb/locality does not exactly match; street-only: returned suburb/locality does not exactly match; street-only: returned suburb/locality does not exactly match; street-only: returned suburb/locality does not exactly match; street-only: returned suburb/locality does not exactly match; street-only: returned suburb/locality does not exactly match; street-only: returned suburb/locality does not exactly match; street-only: returned suburb/locality does not exactly match; street-only: returned suburb/locality does not exactly match; street-only: returned suburb/locality does not exactly match; street-only: returned suburb/locality does not exactly match,"16A GORSE AVENUE, HAWTHORNDENE, SOUTH AUSTRALIA, 5051"
343,BLACKWOOD MAIN-240,BLACKWOOD MAIN,KROWALLE COURT,HAWTHORNDENE,KROWALLE COURT,HAWTHORNDENE,KROWALLE COURT|HAWTHORNDENE,No,Failed,Failed,Grey fallback,"1 KROWALLE COURT, HAWTHORNDENE SA | 2 KROWALLE COURT, HAWTHORNDENE SA | KROWALLE COURT, HAWTHORNDENE SA",,,,,,No,No. 1: returned street does not exactly match; No. 2: returned street does not exactly match; street-only: returned street does not exactly match; street-only: returned street does not exactly match; street-only: returned street does not exactly match; street-only: returned street does not exactly match; street-only: returned street does not exactly match; street-only: returned street does not exactly match; street-only: returned street does not exactly match; street-only: returned street does not exactly match; street-only: returned street does not exactly match; street-only: returned street does not exactly match,"16A GORSE AVENUE, HAWTHORNDENE, SOUTH AUSTRALIA, 5051"
346,CORO EAST & CHERRY-14,CORO EAST & CHERRY,LAFFERTY ROAD,CHERRY GARDENS,LAFFERTY ROAD,CHERRY GARDENS,LAFFERTY ROAD|CHERRY GARDENS,No,Failed,Failed,Grey fallback,"1 LAFFERTY ROAD, CHERRY GARDENS SA | 2 LAFFERTY ROAD, CHERRY GARDENS SA | LAFFERTY ROAD, CHERRY GARDENS SA",,,,,,No,No. 1: returned suburb/locality does not exactly match; No. 1: returned suburb/locality does not exactly match; street-only: returned suburb/locality does not exactly match; street-only: returned suburb/locality does not exactly match; street-only: returned suburb/locality does not exactly match; street-only: returned suburb/locality does not exactly match; street-only: returned suburb/locality does not exactly match; street-only: returned suburb/locality does not exactly match; street-only: returned suburb/locality does not exactly match; street-only: returned suburb/locality does not exactly match; street-only: returned suburb/locality does not exactly match; street-only: returned suburb/locality does not exactly match,"16A GORSE AVENUE, HAWTHORNDENE, SOUTH AUSTRALIA, 5051"
347,BLACKWOOD MAIN-242,BLACKWOOD MAIN,LALOR COURT,BELAIR,LALOR COURT,BELAIR,LALOR COURT|BELAIR,No,Failed,Failed,Grey fallback,"1 LALOR COURT, BELAIR SA | 2 LALOR COURT, BELAIR SA | LALOR COURT, BELAIR SA",,,,,,No,No exact official candidate returned,"16A GORSE AVENUE, HAWTHORNDENE, SOUTH AUSTRALIA, 5051"
361,BLACKWOOD MAIN-252,BLACKWOOD MAIN,LITTLE JOHN STREET,GLENALTA,LITTLE JOHN STREET,GLENALTA,LITTLE JOHN STREET|GLENALTA,No,Failed,Failed,Grey fallback,"1 LITTLE JOHN STREET, GLENALTA SA | 2 LITTLE JOHN STREET, GLENALTA SA | LITTLE JOHN STREET, GLENALTA SA",,,,,,No,No exact official candidate returned,"16A GORSE AVENUE, HAWTHORNDENE, SOUTH AUSTRALIA, 5051"
384,CORO EAST & CHERRY-20,CORO EAST & CHERRY,MATTHEWS ROAD,DORSET VALE,MATTHEWS ROAD,DORSET VALE,MATTHEWS ROAD|DORSET VALE,No,Failed,Failed,Grey fallback,"1 MATTHEWS ROAD, DORSET VALE SA | 2 MATTHEWS ROAD, DORSET VALE SA | MATTHEWS ROAD, DORSET VALE SA",,,,,,No,No. 1: returned suburb/locality does not exactly match; No. 2: returned suburb/locality does not exactly match; street-only: returned suburb/locality does not exactly match; street-only: returned suburb/locality does not exactly match; street-only: returned suburb/locality does not exactly match; street-only: returned suburb/locality does not exactly match; street-only: returned suburb/locality does not exactly match; street-only: returned suburb/locality does not exactly match; street-only: returned suburb/locality does not exactly match; street-only: returned suburb/locality does not exactly match; street-only: returned suburb/locality does not exactly match; street-only: returned suburb/locality does not exactly match,"16A GORSE AVENUE, HAWTHORNDENE, SOUTH AUSTRALIA, 5051"
393,BLACKWOOD MAIN-269,BLACKWOOD MAIN,MELIA GROVE,PASADENA,MELIA GROVE,PASADENA,MELIA GROVE|PASADENA,No,Failed,Failed,Grey fallback,"1 MELIA GROVE, PASADENA SA | 2 MELIA GROVE, PASADENA SA | MELIA GROVE, PASADENA SA",,,,,,No,No exact official candidate returned,"16A GORSE AVENUE, HAWTHORNDENE, SOUTH AUSTRALIA, 5051"
395,BLACKWOOD MAIN-271,BLACKWOOD MAIN,MELVILLE GULLY ROAD,BELAIR NATIONAL PARK,MELVILLE GULLY ROAD,BELAIR NATIONAL PARK,MELVILLE GULLY ROAD|BELAIR NATIONAL PARK,No,Failed,Failed,Grey fallback,"1 MELVILLE GULLY ROAD, BELAIR NATIONAL PARK SA | 2 MELVILLE GULLY ROAD, BELAIR NATIONAL PARK SA | MELVILLE GULLY ROAD, BELAIR NATIONAL PARK SA",,,,,,No,No exact official candidate returned,"16A GORSE AVENUE, HAWTHORNDENE, SOUTH AUSTRALIA, 5051"
425,BLACKWOOD MAIN-296,BLACKWOOD MAIN,NARDU CRESCENT,BELAIR,NARDU CRESCENT,BELAIR,NARDU CRESCENT|BELAIR,No,Failed,Failed,Grey fallback,"1 NARDU CRESCENT, BELAIR SA | 2 NARDU CRESCENT, BELAIR SA | NARDU CRESCENT, BELAIR SA",,,,,,No,No exact official candidate returned,"16A GORSE AVENUE, HAWTHORNDENE, SOUTH AUSTRALIA, 5051"
427,BLACKWOOD MAIN-298,BLACKWOOD MAIN,NERLI STREET,EDEN HILLS,NERLI STREET,EDEN HILLS,NERLI STREET|EDEN HILLS,No,Failed,Failed,Grey fallback,"1 NERLI STREET, EDEN HILLS SA | 2 NERLI STREET, EDEN HILLS SA | NERLI STREET, EDEN HILLS SA",,,,,,No,No exact official candidate returned,"16A GORSE AVENUE, HAWTHORNDENE, SOUTH AUSTRALIA, 5051"
430,BLACKWOOD MAIN-299,BLACKWOOD MAIN,NICOLE AVENUE,HAWTHORNDENE,NICOLE AVENUE,HAWTHORNDENE,NICOLE AVENUE|HAWTHORNDENE,No,Failed,Failed,Grey fallback,"1 NICOLE AVENUE, HAWTHORNDENE SA | 2 NICOLE AVENUE, HAWTHORNDENE SA | NICOLE AVENUE, HAWTHORNDENE SA",,,,,,No,No. 1: returned street does not exactly match; No. 2: returned street does not exactly match; street-only: returned street does not exactly match; street-only: returned street does not exactly match; street-only: returned street does not exactly match; street-only: returned street does not exactly match; street-only: returned street does not exactly match; street-only: returned street does not exactly match; street-only: returned street does not exactly match; street-only: returned street does not exactly match; street-only: returned street does not exactly match; street-only: returned street does not exactly match,"16A GORSE AVENUE, HAWTHORNDENE, SOUTH AUSTRALIA, 5051"
435,BLACKWOOD MAIN-302,BLACKWOOD MAIN,NORTHCOTE STREET,EDEN HILLS,NORTHCOTE STREET,EDEN HILLS,NORTHCOTE STREET|EDEN HILLS,No,Failed,Failed,Grey fallback,"1 NORTHCOTE STREET, EDEN HILLS SA | 2 NORTHCOTE STREET, EDEN HILLS SA | NORTHCOTE STREET, EDEN HILLS SA",,,,,,No,No. 1: returned suburb/locality does not exactly match; No. 2: returned street does not exactly match; street-only: returned street does not exactly match; street-only: returned street does not exactly match; street-only: returned street does not exactly match; street-only: returned street does not exactly match; street-only: returned street does not exactly match; street-only: returned street does not exactly match,"16A GORSE AVENUE, HAWTHORNDENE, SOUTH AUSTRALIA, 5051"
459,BLACKWOOD MAIN-321,BLACKWOOD MAIN,PENDELBURY WAY,BELLEVUE HEIGHTS,PENDELBURY WAY,BELLEVUE HEIGHTS,PENDELBURY WAY|BELLEVUE HEIGHTS,No,Failed,Failed,Grey fallback,"1 PENDELBURY WAY, BELLEVUE HEIGHTS SA | 2 PENDELBURY WAY, BELLEVUE HEIGHTS SA | PENDELBURY WAY, BELLEVUE HEIGHTS SA",,,,,,No,No exact official candidate returned,"16A GORSE AVENUE, HAWTHORNDENE, SOUTH AUSTRALIA, 5051"
461,BLACKWOOD MAIN-323,BLACKWOOD MAIN,PENNO PARADE NORTH,BELAIR,PENNO PARADE NORTH,BELAIR,PENNO PARADE NORTH|BELAIR,No,Failed,Failed,Grey fallback,"1 PENNO PARADE NORTH, BELAIR SA | 2 PENNO PARADE NORTH, BELAIR SA | PENNO PARADE NORTH, BELAIR SA",,,,,,No,No. 1: returned street does not exactly match; No. 2: returned street does not exactly match; street-only: returned street does not exactly match; street-only: returned street does not exactly match; street-only: returned street does not exactly match; street-only: returned street does not exactly match; street-only: returned street does not exactly match; street-only: returned street does not exactly match; street-only: returned street does not exactly match; street-only: returned street does not exactly match; street-only: returned street does not exactly match; street-only: returned street does not exactly match,"16A GORSE AVENUE, HAWTHORNDENE, SOUTH AUSTRALIA, 5051"
462,BLACKWOOD MAIN-324,BLACKWOOD MAIN,PENNO PARADE SOUTH,BLACKWOOD,PENNO PARADE SOUTH,BLACKWOOD,PENNO PARADE SOUTH|BLACKWOOD,No,Failed,Failed,Grey fallback,"1 PENNO PARADE SOUTH, BLACKWOOD SA | 2 PENNO PARADE SOUTH, BLACKWOOD SA | PENNO PARADE SOUTH, BLACKWOOD SA",,,,,,No,No. 1: returned street does not exactly match; street-only: returned street does not exactly match; street-only: returned street does not exactly match; street-only: returned street does not exactly match; street-only: returned street does not exactly match; street-only: returned street does not exactly match; street-only: returned street does not exactly match; street-only: returned street does not exactly match; street-only: returned street does not exactly match; street-only: returned street does not exactly match; street-only: returned street does not exactly match,"16A GORSE AVENUE, HAWTHORNDENE, SOUTH AUSTRALIA, 5051"
471,BLACKWOOD MAIN-333,BLACKWOOD MAIN,PINES OVAL ROAD,BELAIR NATIONAL PARK,PINES OVAL ROAD,BELAIR NATIONAL PARK,PINES OVAL ROAD|BELAIR NATIONAL PARK,No,Failed,Failed,Grey fallback,"1 PINES OVAL ROAD, BELAIR NATIONAL PARK SA | 2 PINES OVAL ROAD, BELAIR NATIONAL PARK SA | PINES OVAL ROAD, BELAIR NATIONAL PARK SA",,,,,,No,No exact official candidate returned,"16A GORSE AVENUE, HAWTHORNDENE, SOUTH AUSTRALIA, 5051"
472,BLACKWOOD MAIN-334,BLACKWOOD MAIN,PITT STREET,EDEN HILLS,PITT STREET,EDEN HILLS,PITT STREET|EDEN HILLS,No,Failed,Failed,Grey fallback,"1 PITT STREET, EDEN HILLS SA | 2 PITT STREET, EDEN HILLS SA | PITT STREET, EDEN HILLS SA",,,,,,No,No. 2: returned street does not exactly match; No. 2: returned street does not exactly match; street-only: returned suburb/locality does not exactly match; street-only: returned suburb/locality does not exactly match; street-only: returned suburb/locality does not exactly match; street-only: returned suburb/locality does not exactly match; street-only: returned suburb/locality does not exactly match; street-only: returned suburb/locality does not exactly match; street-only: returned suburb/locality does not exactly match; street-only: returned suburb/locality does not exactly match; street-only: returned suburb/locality does not exactly match; street-only: returned suburb/locality does not exactly match,"16A GORSE AVENUE, HAWTHORNDENE, SOUTH AUSTRALIA, 5051"
475,BLACKWOOD MAIN-337,BLACKWOOD MAIN,PLYMOUTH AVENUE,BLACKWOOD/CORO VALLEY,PLYMOUTH AVENUE,BLACKWOOD/CORO VALLEY,PLYMOUTH AVENUE|BLACKWOOD CORO VALLEY,No,Failed,Failed,Grey fallback,"1 PLYMOUTH AVENUE, BLACKWOOD/CORO VALLEY SA | 2 PLYMOUTH AVENUE, BLACKWOOD/CORO VALLEY SA | PLYMOUTH AVENUE, BLACKWOOD/CORO VALLEY SA",,,,,,No,No. 2: returned suburb/locality does not exactly match; No. 2: returned suburb/locality does not exactly match; street-only: returned suburb/locality does not exactly match; street-only: returned suburb/locality does not exactly match; street-only: returned suburb/locality does not exactly match; street-only: returned suburb/locality does not exactly match; street-only: returned suburb/locality does not exactly match; street-only: returned suburb/locality does not exactly match; street-only: returned suburb/locality does not exactly match; street-only: returned suburb/locality does not exactly match; street-only: returned suburb/locality does not exactly match; street-only: returned suburb/locality does not exactly match,"16A GORSE AVENUE, HAWTHORNDENE, SOUTH AUSTRALIA, 5051"
486,BLACKWOOD MAIN-345,BLACKWOOD MAIN,QUEENS JUBILEE DRIVE,BELAIR NATIONAL PARK,QUEENS JUBILEE DRIVE,BELAIR NATIONAL PARK,QUEENS JUBILEE DRIVE|BELAIR NATIONAL PARK,No,Failed,Failed,Grey fallback,"1 QUEENS JUBILEE DRIVE, BELAIR NATIONAL PARK SA | 2 QUEENS JUBILEE DRIVE, BELAIR NATIONAL PARK SA | QUEENS JUBILEE DRIVE, BELAIR NATIONAL PARK SA",,,,,,No,street-only: returned suburb/locality does not exactly match,"16A GORSE AVENUE, HAWTHORNDENE, SOUTH AUSTRALIA, 5051"
504,BLACKWOOD MAIN-359,BLACKWOOD MAIN,RING ROAD,BEDFORD PARK,RING ROAD,BEDFORD PARK,RING ROAD|BEDFORD PARK,No,Failed,Failed,Grey fallback,"1 RING ROAD, BEDFORD PARK SA | 2 RING ROAD, BEDFORD PARK SA | RING ROAD, BEDFORD PARK SA",,,,,,No,No. 2: returned street does not exactly match; No. 2: returned street does not exactly match; street-only: returned suburb/locality does not exactly match; street-only: returned suburb/locality does not exactly match; street-only: returned suburb/locality does not exactly match; street-only: returned suburb/locality does not exactly match; street-only: returned suburb/locality does not exactly match; street-only: returned suburb/locality does not exactly match; street-only: returned suburb/locality does not exactly match; street-only: returned suburb/locality does not exactly match; street-only: returned suburb/locality does not exactly match; street-only: returned suburb/locality does not exactly match,"16A GORSE AVENUE, HAWTHORNDENE, SOUTH AUSTRALIA, 5051"
505,CORO STREETS-82,CORO STREETS,RIVER GLEN PLACE,COROMANDEL VALLEY,RIVER GLEN PLACE,COROMANDEL VALLEY,RIVER GLEN PLACE|COROMANDEL VALLEY,No,Failed,Failed,Grey fallback,"1 RIVER GLEN PLACE, COROMANDEL VALLEY SA | 2 RIVER GLEN PLACE, COROMANDEL VALLEY SA | RIVER GLEN PLACE, COROMANDEL VALLEY SA",,,,,,No,No. 1: returned suburb/locality does not exactly match; No. 2: returned suburb/locality does not exactly match; street-only: returned suburb/locality does not exactly match; street-only: returned suburb/locality does not exactly match; street-only: returned suburb/locality does not exactly match; street-only: returned suburb/locality does not exactly match; street-only: returned suburb/locality does not exactly match; street-only: returned suburb/locality does not exactly match,"16A GORSE AVENUE, HAWTHORNDENE, SOUTH AUSTRALIA, 5051"
518,BLACKWOOD MAIN-368,BLACKWOOD MAIN,SADDLE HILL ROAD,BELAIR NATIONAL PARK,SADDLE HILL ROAD,BELAIR NATIONAL PARK,SADDLE HILL ROAD|BELAIR NATIONAL PARK,No,Failed,Failed,Grey fallback,"1 SADDLE HILL ROAD, BELAIR NATIONAL PARK SA | 2 SADDLE HILL ROAD, BELAIR NATIONAL PARK SA | SADDLE HILL ROAD, BELAIR NATIONAL PARK SA",,,,,,No,street-only: returned suburb/locality does not exactly match; street-only: returned suburb/locality does not exactly match,"16A GORSE AVENUE, HAWTHORNDENE, SOUTH AUSTRALIA, 5051"
539,CORO STREETS-90,CORO STREETS,SHEPHERDS COURT,COROMANDEL VALLEY,SHEPHERDS COURT,COROMANDEL VALLEY,SHEPHERDS COURT|COROMANDEL VALLEY,No,Failed,Failed,Grey fallback,"1 SHEPHERDS COURT, COROMANDEL VALLEY SA | 2 SHEPHERDS COURT, COROMANDEL VALLEY SA | SHEPHERDS COURT, COROMANDEL VALLEY SA",,,,,,No,No. 1: returned street does not exactly match; No. 2: returned street does not exactly match; street-only: returned street does not exactly match; street-only: returned street does not exactly match; street-only: returned street does not exactly match; street-only: returned street does not exactly match; street-only: returned street does not exactly match; street-only: returned street does not exactly match; street-only: returned street does not exactly match; street-only: returned street does not exactly match; street-only: returned street does not exactly match; street-only: returned street does not exactly match,"16A GORSE AVENUE, HAWTHORNDENE, SOUTH AUSTRALIA, 5051"
548,BLACKWOOD MAIN-392,BLACKWOOD MAIN,SIR EDWIN AVENUE,BELAIR NATIONAL PARK,SIR EDWIN AVENUE,BELAIR NATIONAL PARK,SIR EDWIN AVENUE|BELAIR NATIONAL PARK,No,Failed,Failed,Grey fallback,"1 SIR EDWIN AVENUE, BELAIR NATIONAL PARK SA | 2 SIR EDWIN AVENUE, BELAIR NATIONAL PARK SA | SIR EDWIN AVENUE, BELAIR NATIONAL PARK SA",,,,,,No,street-only: returned suburb/locality does not exactly match,"16A GORSE AVENUE, HAWTHORNDENE, SOUTH AUSTRALIA, 5051"
559,BLACKWOOD MAIN-399,BLACKWOOD MAIN,SPRINGWOOD COURT,EDEN HILLS,SPRINGWOOD COURT,EDEN HILLS,SPRINGWOOD COURT|EDEN HILLS,No,Failed,Failed,Grey fallback,"1 SPRINGWOOD COURT, EDEN HILLS SA | 2 SPRINGWOOD COURT, EDEN HILLS SA | SPRINGWOOD COURT, EDEN HILLS SA",,,,,,No,No. 1: returned street does not exactly match; No. 2: returned street does not exactly match; street-only: returned street does not exactly match; street-only: returned street does not exactly match; street-only: returned street does not exactly match; street-only: returned street does not exactly match; street-only: returned street does not exactly match; street-only: returned street does not exactly match; street-only: returned street does not exactly match; street-only: returned street does not exactly match; street-only: returned street does not exactly match,"16A GORSE AVENUE, HAWTHORNDENE, SOUTH AUSTRALIA, 5051"
568,CORO STREETS-94,CORO STREETS,STIRLING AVENUE,COROMANDEL VALLEY,STIRLING AVENUE,COROMANDEL VALLEY,STIRLING AVENUE|COROMANDEL VALLEY,No,Failed,Failed,Grey fallback,"1 STIRLING AVENUE, COROMANDEL VALLEY SA | 2 STIRLING AVENUE, COROMANDEL VALLEY SA | STIRLING AVENUE, COROMANDEL VALLEY SA",,,,,,No,No. 1: returned suburb/locality does not exactly match; No. 2: returned suburb/locality does not exactly match; street-only: returned suburb/locality does not exactly match; street-only: returned suburb/locality does not exactly match; street-only: returned suburb/locality does not exactly match; street-only: returned suburb/locality does not exactly match; street-only: returned suburb/locality does not exactly match; street-only: returned suburb/locality does not exactly match; street-only: returned suburb/locality does not exactly match; street-only: returned suburb/locality does not exactly match; street-only: returned suburb/locality does not exactly match; street-only: returned suburb/locality does not exactly match,"16A GORSE AVENUE, HAWTHORNDENE, SOUTH AUSTRALIA, 5051"
571,CORO EAST & CHERRY-27,CORO EAST & CHERRY,STURT CLOSE,IRON BANK,STURT CLOSE,IRON BANK,STURT CLOSE|IRON BANK,No,Failed,Failed,Grey fallback,"1 STURT CLOSE, IRON BANK SA | 2 STURT CLOSE, IRON BANK SA | STURT CLOSE, IRON BANK SA",,,,,,No,No. 2: returned suburb/locality does not exactly match; street-only: returned suburb/locality does not exactly match; street-only: returned suburb/locality does not exactly match; street-only: returned suburb/locality does not exactly match; street-only: returned suburb/locality does not exactly match; street-only: returned suburb/locality does not exactly match; street-only: returned suburb/locality does not exactly match; street-only: returned suburb/locality does not exactly match; street-only: returned suburb/locality does not exactly match; street-only: returned suburb/locality does not exactly match; street-only: returned suburb/locality does not exactly match,"16A GORSE AVENUE, HAWTHORNDENE, SOUTH AUSTRALIA, 5051"
575,BLACKWOOD MAIN-406,BLACKWOOD MAIN,SUNVALLEY DRIVE,GLENALTA,SUNVALLEY DRIVE,GLENALTA,SUNVALLEY DRIVE|GLENALTA,No,Failed,Failed,Grey fallback,"1 SUNVALLEY DRIVE, GLENALTA SA | 2 SUNVALLEY DRIVE, GLENALTA SA | SUNVALLEY DRIVE, GLENALTA SA",,,,,,No,No. 2: returned street does not exactly match; street-only: returned street does not exactly match; street-only: returned street does not exactly match; street-only: returned street does not exactly match; street-only: returned street does not exactly match; street-only: returned street does not exactly match; street-only: returned street does not exactly match; street-only: returned street does not exactly match; street-only: returned street does not exactly match; street-only: returned street does not exactly match; street-only: returned street does not exactly match,"16A GORSE AVENUE, HAWTHORNDENE, SOUTH AUSTRALIA, 5051"
592,BLACKWOOD MAIN-418,BLACKWOOD MAIN,THE RIVIERA,PASADENA,THE RIVIERA,PASADENA,THE RIVIERA|PASADENA,No,Failed,Failed,Grey fallback,"1 THE RIVIERA, PASADENA SA | 2 THE RIVIERA, PASADENA SA | THE RIVIERA, PASADENA SA",,,,,,No,No exact official candidate returned,"16A GORSE AVENUE, HAWTHORNDENE, SOUTH AUSTRALIA, 5051"
593,BLACKWOOD MAIN-419,BLACKWOOD MAIN,THE VALLEY ROAD,BELAIR NATIONAL PARK,THE VALLEY ROAD,BELAIR NATIONAL PARK,THE VALLEY ROAD|BELAIR NATIONAL PARK,No,Failed,Failed,Grey fallback,"1 THE VALLEY ROAD, BELAIR NATIONAL PARK SA | 2 THE VALLEY ROAD, BELAIR NATIONAL PARK SA | THE VALLEY ROAD, BELAIR NATIONAL PARK SA",,,,,,No,No exact official candidate returned,"16A GORSE AVENUE, HAWTHORNDENE, SOUTH AUSTRALIA, 5051"
595,CORO STREETS-98,CORO STREETS,THOMAS COURT,COROMANDEL VALLEY,THOMAS COURT,COROMANDEL VALLEY,THOMAS COURT|COROMANDEL VALLEY,No,Failed,Failed,Grey fallback,"1 THOMAS COURT, COROMANDEL VALLEY SA | 2 THOMAS COURT, COROMANDEL VALLEY SA | THOMAS COURT, COROMANDEL VALLEY SA",,,,,,No,No. 2: returned suburb/locality does not exactly match; No. 2: returned suburb/locality does not exactly match; street-only: returned suburb/locality does not exactly match; street-only: returned suburb/locality does not exactly match; street-only: returned suburb/locality does not exactly match; street-only: returned suburb/locality does not exactly match; street-only: returned suburb/locality does not exactly match; street-only: returned suburb/locality does not exactly match; street-only: returned suburb/locality does not exactly match; street-only: returned suburb/locality does not exactly match; street-only: returned suburb/locality does not exactly match; street-only: returned suburb/locality does not exactly match,"16A GORSE AVENUE, HAWTHORNDENE, SOUTH AUSTRALIA, 5051"
614,BLACKWOOD MAIN-433,BLACKWOOD MAIN,UPPER STURT ROAD HAWTHORNDENE,,UPPER STURT ROAD,HAWTHORNDENE,UPPER STURT ROAD|HAWTHORNDENE,No,Failed,Failed,Grey fallback,"192 UPPER STURT ROAD, HAWTHORNDENE SA",,,,,,No,No exact official candidate returned,"16A GORSE AVENUE, HAWTHORNDENE, SOUTH AUSTRALIA, 5051"
620,BLACKWOOD PARK-53,BLACKWOOD PARK,VERDELHO AVENUE,CRAIGBURN FARM,VERDELHO AVENUE,CRAIGBURN FARM,VERDELHO AVENUE|CRAIGBURN FARM,No,Failed,Failed,Grey fallback,"1 VERDELHO AVENUE, CRAIGBURN FARM SA | 2 VERDELHO AVENUE, CRAIGBURN FARM SA | VERDELHO AVENUE, CRAIGBURN FARM SA",,,,,,No,No. 1: returned street does not exactly match; street-only: returned street does not exactly match; street-only: returned street does not exactly match; street-only: returned street does not exactly match; street-only: returned street does not exactly match; street-only: returned street does not exactly match; street-only: returned street does not exactly match; street-only: returned street does not exactly match; street-only: returned street does not exactly match; street-only: returned street does not exactly match; street-only: returned street does not exactly match,"16A GORSE AVENUE, HAWTHORNDENE, SOUTH AUSTRALIA, 5051"
624,BLACKWOOD MAIN-439,BLACKWOOD MAIN,VINE STREET,HAWTHORNDENE,VINE STREET,HAWTHORNDENE,VINE STREET|HAWTHORNDENE,No,Failed,Failed,Grey fallback,"1 VINE STREET, HAWTHORNDENE SA | 2 VINE STREET, HAWTHORNDENE SA | VINE STREET, HAWTHORNDENE SA",,,,,,No,No. 2: returned suburb/locality does not exactly match; No. 2: returned suburb/locality does not exactly match; street-only: returned suburb/locality does not exactly match; street-only: returned suburb/locality does not exactly match; street-only: returned suburb/locality does not exactly match; street-only: returned suburb/locality does not exactly match; street-only: returned suburb/locality does not exactly match; street-only: returned suburb/locality does not exactly match; street-only: returned suburb/locality does not exactly match; street-only: returned suburb/locality does not exactly match; street-only: returned suburb/locality does not exactly match; street-only: returned suburb/locality does not exactly match,"16A GORSE AVENUE, HAWTHORNDENE, SOUTH AUSTRALIA, 5051"
631,BLACKWOOD MAIN-444,BLACKWOOD MAIN,WATAHAUNA AVENUE,HAWTHORNDENE,WATAHAUNA AVENUE,HAWTHORNDENE,WATAHAUNA AVENUE|HAWTHORNDENE,No,Failed,Failed,Grey fallback,"1 WATAHAUNA AVENUE, HAWTHORNDENE SA | 2 WATAHAUNA AVENUE, HAWTHORNDENE SA | WATAHAUNA AVENUE, HAWTHORNDENE SA",,,,,,No,street-only: returned street does not exactly match; street-only: returned street does not exactly match; street-only: returned street does not exactly match; street-only: returned street does not exactly match; street-only: returned street does not exactly match; street-only: returned street does not exactly match; street-only: returned street does not exactly match; street-only: returned street does not exactly match; street-only: returned street does not exactly match; street-only: returned street does not exactly match,"16A GORSE AVENUE, HAWTHORNDENE, SOUTH AUSTRALIA, 5051"
643,CORO EAST & CHERRY-30,CORO EAST & CHERRY,WEYMOUTH ROAD,CORO EAST,WEYMOUTH ROAD,CORO EAST,WEYMOUTH ROAD|CORO EAST,No,Failed,Failed,Grey fallback,"1 WEYMOUTH ROAD, CORO EAST SA | 2 WEYMOUTH ROAD, CORO EAST SA | WEYMOUTH ROAD, CORO EAST SA",,,,,,No,street-only: returned suburb/locality does not exactly match; street-only: returned suburb/locality does not exactly match; street-only: returned suburb/locality does not exactly match; street-only: returned suburb/locality does not exactly match; street-only: returned suburb/locality does not exactly match; street-only: returned suburb/locality does not exactly match; street-only: returned suburb/locality does not exactly match; street-only: returned suburb/locality does not exactly match; street-only: returned suburb/locality does not exactly match; street-only: returned suburb/locality does not exactly match,"16A GORSE AVENUE, HAWTHORNDENE, SOUTH AUSTRALIA, 5051"
644,CORO EAST & CHERRY-32,CORO EAST & CHERRY,WILDHEATH ROAD,CORO EAST,WILDHEATH ROAD,CORO EAST,WILDHEATH ROAD|CORO EAST,No,Failed,Failed,Grey fallback,"1 WILDHEATH ROAD, CORO EAST SA | 2 WILDHEATH ROAD, CORO EAST SA | WILDHEATH ROAD, CORO EAST SA",,,,,,No,street-only: returned street does not exactly match; street-only: returned street does not exactly match; street-only: returned street does not exactly match; street-only: returned street does not exactly match; street-only: returned street does not exactly match; street-only: returned street does not exactly match; street-only: returned street does not exactly match; street-only: returned street does not exactly match; street-only: returned street does not exactly match; street-only: returned street does not exactly match,"16A GORSE AVENUE, HAWTHORNDENE, SOUTH AUSTRALIA, 5051"
652,BLACKWOOD MAIN-456,BLACKWOOD MAIN,WILPENA COURT,EDEN HILLS,WILPENA COURT,EDEN HILLS,WILPENA COURT|EDEN HILLS,No,Failed,Failed,Grey fallback,"1 WILPENA COURT, EDEN HILLS SA | 2 WILPENA COURT, EDEN HILLS SA | WILPENA COURT, EDEN HILLS SA",,,,,,No,No. 1: returned street does not exactly match; No. 2: returned street does not exactly match; street-only: returned street does not exactly match; street-only: returned street does not exactly match; street-only: returned street does not exactly match; street-only: returned street does not exactly match; street-only: returned street does not exactly match; street-only: returned street does not exactly match; street-only: returned street does not exactly match; street-only: returned street does not exactly match; street-only: returned street does not exactly match; street-only: returned street does not exactly match,"16A GORSE AVENUE, HAWTHORNDENE, SOUTH AUSTRALIA, 5051"
655,BLACKWOOD MAIN-458,BLACKWOOD MAIN,WINDARA COURT,BELAIR,WINDARA COURT,BELAIR,WINDARA COURT|BELAIR,No,Failed,Failed,Grey fallback,"1 WINDARA COURT, BELAIR SA | 2 WINDARA COURT, BELAIR SA | WINDARA COURT, BELAIR SA",,,,,,No,No. 1: returned street does not exactly match; No. 2: returned street does not exactly match; street-only: returned street does not exactly match; street-only: returned street does not exactly match; street-only: returned street does not exactly match; street-only: returned street does not exactly match; street-only: returned street does not exactly match; street-only: returned street does not exactly match; street-only: returned street does not exactly match; street-only: returned street does not exactly match; street-only: returned street does not exactly match; street-only: returned street does not exactly match,"16A GORSE AVENUE, HAWTHORNDENE, SOUTH AUSTRALIA, 5051"
661,BLACKWOOD MAIN-463,BLACKWOOD MAIN,WONNA STREET,EDEN HILLS,WONNA STREET,EDEN HILLS,WONNA STREET|EDEN HILLS,No,Failed,Failed,Grey fallback,"1 WONNA STREET, EDEN HILLS SA | 2 WONNA STREET, EDEN HILLS SA | WONNA STREET, EDEN HILLS SA",,,,,,No,No exact official candidate returned,"16A GORSE AVENUE, HAWTHORNDENE, SOUTH AUSTRALIA, 5051"
664,CORO EAST & CHERRY-33,CORO EAST & CHERRY,WOODCUTTERS ROAD,CORO EAST,WOODCUTTERS ROAD,CORO EAST,WOODCUTTERS ROAD|CORO EAST,No,Failed,Failed,Grey fallback,"1 WOODCUTTERS ROAD, CORO EAST SA | 2 WOODCUTTERS ROAD, CORO EAST SA | WOODCUTTERS ROAD, CORO EAST SA",,,,,,No,street-only: returned suburb/locality does not exactly match; street-only: returned suburb/locality does not exactly match; street-only: returned suburb/locality does not exactly match; street-only: returned suburb/locality does not exactly match; street-only: returned suburb/locality does not exactly match; street-only: returned suburb/locality does not exactly match; street-only: returned suburb/locality does not exactly match; street-only: returned suburb/locality does not exactly match; street-only: returned suburb/locality does not exactly match; street-only: returned suburb/locality does not exactly match,"16A GORSE AVENUE, HAWTHORNDENE, SOUTH AUSTRALIA, 5051"
